Pos Code,UK/EU Fee Band,Int Fee Band
ACC-ECON:BA,USN1,UOS1
ACC-MANSC:BA,USN1,UOS1
ACC/COMP:BA,USN1,UOS1
ACC/FREBS-A:BA,USN1,UOS1
ACC:BA,USN1,UOS1
ACC:BA-P,USN1,UOS1
ACC:DIP,USN1,UOS1
ACC:MPH-R,R1,OS1
ACC:PHD-R,R1,OS1
ACCESSMKC:NQUAL,,
ACCF-ANT:BA,USN1,UOS1
ACCF-BUSADMIN-S:BA,USN1,UOS1
ACCF-BUSADMIN:BA,USN1,UOS1
ACCF-ECON-S:BA,USN1,UOS1
ACCF-ECON:BA,USN1,UOS1
ACCF-MANSC-S:BA,USN1,UOS1
ACCF-MANSC:BA,USN1,UOS1
ACCF-OPT:BA,USN1,UOS1
ACCF-POL:BA,USN1,UOS1
ACCF-POLITICS:BA,USN1,UOS1
ACCF-S:BA,USN1,UOS1
ACCF-SOC:BA,USN1,UOS1
ACCF-SOCPOL:BA,USN1,UOS1
ACCF-SPA:BA,USN1,UOS1
ACCF/COMP-S:BA,USN1,UOS1
ACCF/COMP:BA,USN1,UOS1
ACCF/FREBS-A:BA,USN1,UOS1
ACCF:BA,USN1,UOS1
ACCF:CERT,USN1,UOS1
ACCF:DIP,USN1,UOS1
ACCFFRE-A:BA,USN1,UOS1
ACCFGER-A:BA,USN1,UOS1
ACCFRE-A:BA,USN1,UOS1
ACCMGT-S:BA,USN1,UOS1
ACCMGT:BA,USN1,UOS1
ACELANGSK:PDIP-T,S1,OS1
ACOMP:BSC,USN1,UOS14
ACOMP:MPH-R,R1,OS1
ACOMP:PHD-R,R1,OS1
ACS-ENG:BA,USN1,UOS1
ACS-FRE-A:BA,USN1,UOS1
ACS-GER-A:BA,USN1,UOS1
ACS-HIS:BA,USN1,UOS1
ACS-POLIR:BA,USN1,UOS1
ACS-THRS:BA,USN1,UOS1
ACS:BA,USN1,UOS1
ACTSCI-S:BSC,USN1,UOS1
ACTSCI:BSC,USN1,UOS1
ACTSCI:BSC-P,USN1,UOS1
ACTSCI:CERT,USN1,UOS1
ACTSCI:DIP,USN1,UOS1
ACTSCI:GCERT,P17,E14
ACTSCI:GDIP-T,P17,E14
ACTSCI:MPH-R,R1,OS1
ACTSCI:MSC-T,P24,OS17
ACTSCI:PCRT-T,P17,E14
ACTSCI:PDIP-T,P17,E14
ACTSCI:PHD-R,R1,OS1
ACTSCIAP-I:MSC-T,OS8,OS8
ACTSCIAP:MSC-T,P24,OS17
ACTSCIAP:PCERT-T,P24,OS17
ACTSCIAP:PDIP-T,P24,OS17
ACTSTUD:DIP,USN1,UOS1
ADBEHAV:CERT,,UXN21
ADBEHAV:CRDT,,
ADCHILDPROT(DL):MA-T,XXX14,XXX14
ADCOMPSCI-I:MSC-T,S1,OS14
ADCOMPSCI-S-I:MSC-T,S1,OS14
ADCOMPSCI-S:MSC-T,S1,OS14
ADCOMPSCI:MSC-T,S1,OS14
ADCOMPSCI:PCRT-T,S1,OS14
ADCOMPSCI:PDIP-T,S1,OS14
ADCOUNC:MA-T,S1,OS1
ADCOUNC:PDIP-T,S1,OS1
ADCS(CI)-I:MSC-T,S1,OS14
ADCS(CI)-S-I:MSC-T,S1,OS14
ADCS(CI)-S:MSC-T,S1,OS14
ADCS(CI):MSC-T,S1,OS14
ADCS(CI):PCRT-T,S1,OS14
ADCS(CI):PDIP-T,S1,OS14
ADDCOST:MA-T,S1,
ADDCOST:PDIP-T,S1,
ADMAN:CRDT,,
ADPROMCS-I:MSC-T,S1,OS14
ADPROMCS-S-I:MSC-T,S1,OS14
ADPROMCS-S:MSC-T,S1,OS14
ADPROMCS:MSC-T,S1,OS14
ADPROMCS:PCRT-T,S1,OS14
ADPROMCS:PDIP-T,S1,OS14
ADSOFTDEV-I:MSC-T,S1,OS14
ADSOFTDEV-S-I:MSC-T,S1,OS14
ADSOFTDEV-S:MSC-T,S1,OS14
ADSOFTDEV:MSC-T,S1,OS14
ADSOFTDEV:PCRT-T,S1,OS14
ADSOFTDEV:PDIP-T,S1,OS14
ADSPH(APDEN):MSC-T,XXX12,
ADSPH(MISURG):MSC-T,E33H,E33O
ADSPH(MISURG):PCRT-T,E33H,E33O
ADSPH(MISURG):PDIP-T,E33H,E33O
ADSPH(SPCARE):MSC-T,E31H,E31O
ADSPH(SPCARE):PCRT-T,E31H,E31O
ADSPH(SPCARE):PDIP-T,E31H,E31O
ADSPH(SURGPR):PCRT-T,E32H,E32O
ADSPH(SURGPR):PDIP-T,E32H,E32O
ADSPH(SURGPRA):MSC-T,E32H,E32O
ADVANCOMP:HNC,,
AGRICULECO:MPH-R,R1,OS1
AGRICULECO:MSC-T,E5H,E5O
AGRICULECO:PHD-R,R1,OS1
AGRIENVECOPOL:MSC-T,S1,OS1
AGRIENVECOPOL:PCRT-T,S1,OS1
AGRIENVECOPOL:PDIP-T,S1,OS1
AMSTUD-POL-A:BA,USN1,UOS1
AMSTUD/AF-A:BA,USN1,UOS1
AMSTUD:BA,USN1,UOS1
AMSTUD:MA-R,R1,OS1
AMSTUD:MA-T,S1,OS1
AMSTUD:MPH-R,R1,OS1
AMSTUD:PHD-R,R1,OS1
AMSTUDHIS-A:BA,USN1,UOS1
AMSTUDLAT-A:BA,USN1,UOS1
AMSTUDLIT-A:BA,USN1,UOS1
AMSTUDLIT-A:BA-P,USN1,UOS1
AMSTUDTRANS:MA-T,S1,OS1
AMSTUDTRANS:PDIP-T,S1,OS1
ANALDEVDIS:PGDIP-T,XXX2,XXX3
ANALINTDEVDIS:MSC-T,P6,OS1
ANCIENT(ROME):PDIP-T,E3H,E3O
ANCIENT(ROME):PDIP-T,E3H,E3O
ANCIENT(ROME)MA-T,E3H,E3O
ANCIENT(ROME):PDIP-T,E3H,E3O
ANCIENT-A:BA,USN1,UOS1
ANCIENT:BA,USN1,UOS1
ANCIENT:CERT,USN1,UOS1
ANCIENT:DIP,USN1,UOS1
ANCIENT:MA-T,S1,OS1
ANCIENT:PDIP-T,S1,OS1
ANIMSCI:BSC,,
ANMAN:HNC,USN1,UOS1
ANMAN:HND,UXN2,
ANT-A:BA,USN1,UOS1
ANT-A:BSC,USN1,UOS14
ANT-ECON:BA,USN1,UOS1
ANT-HIS:BA,USN1,UOS1
ANT-OPT:BSC,USN1,UOS14
ANT-PHIL:BA,USN1,UOS1
ANT-POL:BA,USN1,UOS1
ANT-POLITICS:BA,USN1,UOS1
ANT-RS:BA,USN1,UOS1
ANT-SOCBEV:BA,USN1,UOS1
ANT-SOCPOL:BA,USN1,UOS1
ANT-SPA:BA,USN1,UOS1
ANT-THRS:BA,USN1,UOS1
ANT4:PHD-R,R1,OS1
ANT:BA,USN1,UOS1
ANT:BSC,USN1,UOS14
ANT:DIP,USN1,UOS1
ANT:MA-R,R1,OS1
ANT:MA-T,S1,OS1
ANT:MPH-R,R1,OS1
ANT:MPHIL-R,R1,OS1
ANT:MSC-R,R1,OS1
ANT:NQUAL-R,R1,OS1
ANT:NQUAL-T,S1,OS1
ANT:PDIP-T,S1,OS1
ANT:PHD-R,R1,OS1
ANTCOMP:MA-R,R1,OS1
ANTCOMP:MA-T,S1,OS1
ANTCOMP:PDIP-T,S1,OS1
ANTCON:MA-T,P25,OS14
ANTDEN-A:BA,USN1,UOS1
ANTDUT-A:BA,USN1,UOS1
ANTFIN-A:BA,USN1,UOS1
ANTFRE-A:BA,USN1,UOS1
ANTGER-A:BA,USN1,UOS1
ANTHOL-A:BA,USN1,UOS1
Fling,S1,OS1
ANTHROP:PHD-R,R1,OS1
ANTITAL-A:BA,USN1,UOS1
ANTJAP-A:BA,USN1,UOS1
ANTJAP-A:BSC,USN1,UOS14
ANTNAETHI:MA-T,S1,OS1
ANTNETH-A:BA,USN1,UOS1
ANTSPN-A:BA,USN1,UOS1
APCHRISTHEO:BA,USN1,
APCHRISTHEO:CERT,USN1,
APCHRISTHEO:DIP,USN1,
APLING:MA-R,R1,OS1
APLING:MA-T,S1,OS1
APLING:MPH-R,R1,OS1
APLING:PDIP-T,S1,OS1
APLING:PHD-R,R1,OS1
APLINGTESOL:MA-T,S1,OS1
APLMED:MA-T,S1,OS1
APLMED:PDIP-T,S1,OS1
APLSC:CRDT,S1,OS1
APLSC:MA-R,R1,OS1
APLSC:MA-T,S1,OS1
APLSC:MPH-R,R1,OS1
APLSC:NQUAL-T,S1,OS1
APLSC:PDIP-T,S1,OS1
APLSC:PHD-R,R1,OS1
APLSCOMB:MA-T,S1,OS1
APLSCOMB:PDIP-T,S1,OS1
APLSTD:MA-T,S1,OS1
APLSTD:PDIP-T,S1,OS1
APLSVOC:MA-T,S1,OS1
APLSVOC:NQUAL-T,S1,OS1
APLSVOC:PDIP-T,S1,OS1
APMATHS:MPH-R,R1,OS1
APMATHS:MSC-R,R1,OS1
APMATHS:PHD-R,R1,OS1
APPANIMSCI:HNC,,
APPANIMSCI:HND,,
APPBEHAN(IDA):MSC-T,S1,OS1
APPBEHAN(IDA):PCRT-T,XXX6,XXX7
APPBEHAN(IDA):PDIP-T,XXX4,XXX5
APPBEHANAL:GDIP,USN1,UOS1
APPBEHANAL:PDIP-T,S1,OS1
APPBIOSCITECH:FDSC,,
APPBUSMGT-S:BSC,USN1,UOS1
APPBUSMGT-S:MSCI,USN1,UOS1
APPBUSMGT:BSC,USN1,UOS1
APPBUSMGT:MSC-T,USN1,UOS1
APPCHEM:HNC,,
APPCHEM:HND,,
APPDRUGDISC:MSC-T,,
APPDRUGDISC:PCRT-T,,
APPDRUGDISC:PDIP-T,,
APPECOINTDEV:MSC-T,E6H,E6O
APPECOINTDEV:PCRT-T,E6H,E6O
APPECOINTDEV:PDIP-T,E6H,E6O
APPENVECO:MSC,E6H,E6O
APPENVECO:MSC-T,E6H,E6O
APPHLTHRES:MSC-T,S1,OS1
APPHLTHRES:PDIP-T,E38,XXX1
APPMHS:PDIP-T,S1,OS1
APPROPRAC(4):BA,UXN22H,UXN22O
APPROPRAC:BA,USN1,UOS1
APPROPRAC:BSC,USN1,UOS1
APPROPRAC:CERT,USN1,UOS1
APPROPRAC:DIP,USN1,UOS1
APPROPRACCMP:BA,USN1,UOS1
APPROPRACCOMB:BA,USN1,UOS1
APPROPRACCOMB:BSC,USN1,UOS1
APPROPRACELL:BA,USN1,UOS1
APPROPRACELS:BA,USN1,UOS1
APPROPRACSOC:BA,USN1,UOS1
APPROPRACSOCPOL:BA,USN1,UOS1
APPSY-S:BSC,USN1,UOS1
APPSYCLIN-S:BSC,USN1,UOS14
APPSYCLN-S:BSC,USN1,UOS1
APPSYLDCB:DIP,,
APPSYTIZ:MPH-R,R1,OS1
APPSYTIZ:PHD-R,R1,OS1
APSOC/CLINPSY-S:BA,USN1,UOS14
APSOCCLINPSY-S:BSC,USN1,UOS1
APSOCCLINPSY:BSC,USN1,UOS14
APSPSY-S:BA,USN1,UOS14
APSPSY-S:BSC,USN1,UOS1
APSYMH:PDIP-T,S1,OS1
APSYSLDCBD:UDIP,,
APTHEO:MA-T,S1,OS1
APTHEO:NQUAL-T,S1,OS1
APTHEO:PDIP-T,S1,OS1
AQUANT-FIN-S:BSC,USN1,UOS1
AQUANT-FIN:BSC,USN1,UOS1
ARCH:MA-T,S1,OS1
ARCH:PDIP-T,S1,OS1
ARCHANT:BA,USN1,UOS1
ARCHCON:MSC-T,S1,OS1
ARCHITCI(PARIS):MA-T,E3H,E3O
ARCHITCITIES:MA-T,S1,OS1
ARCHITECT(TA):MARCH,USN1,
ARCHITECT:CERT,USN1,
ARCHITECT:DIP,USN1,
ARCHITECT:HNC,,
ARCHITECT:HND,USN1,UOS1
ARCHITECTURE:BA,USN1,UOS14
ARCHITECTURE:MARCH,,
ARCHITECTURE:MPH-R,R1,OS1
ARCHITECTURE:PHD-R,R1,OS1
ARCHSUSTENV:MSC-T,S1,OS1
ARCHTM:MA-T,S1,OS1
ARCHTM:PDIP-T,S1,OS1
ARCHVIS:MA-T,P9,OS14
ARTFIL:BA,USN1,UOS1
ARTFILM:BA,USN1,UOS1
ARTHIS:BA,USN1,UOS1
ARTHIS-FIL:BA,USN1,UOS1
ARTHIS-HIS:BA,USN1,UOS1
ARTSCRIT:MA-T,S1,OS1
ARTSCRIT:PDIP-T,S1,OS1
ASPROFL:MA-T,S1,OS1
ASSA-4:MPHYS,USN1,UOS14
ASSA-A:MPHYS,USN1,UOS14
ASSA:BSC,USN1,UOS14
AUDIODESPROD:BSC,,UOS14
AUTISMSTUDDL:BSC,USN1,UOS1
AUTISMSTUDDL:CERT,USN1,UOS1
AUTISMSTUDDL:CRDT,,
AUTISMSTUDDL:FDA,USN1,UOS1
AUTISMSTUDDL:MA-T,E22AH,E19O
AUTISMSTUDDL:PCRT-T,E21H,E21O
AUTISMSTUDDL:PDIP-T,XXX8,E22O
AUTISMSTUDIES:MA-T,S1,OS1
AUTISMSTUDIES:PCRT-T,E23H,E23O
AUTISMSTUDIES:PDIP-T,XXX4,XXX5
BASHS:PDIP-T,E1,E1
BEAUTHSCI:HNC,,
BEAUTHSCI:HND,UXN2,
BIO/COMP:MSC-T,S1,OS14
BIOANTH:BSC,USN1,UOS1
BIOANTHUS-A:BSC,USN1,UOS1
BIOCH(S)-S:BSC,USN1,UOS14
BIOCH(V2)-A:BSC,USN1,UOS14
BIOCH-A:BSC,USN1,UOS14
BIOCH-S:BSC,USN1,UOS14
BIOCH:BSC,USN1,UOS14
BIOCH:CRDT,R1,OS14
BIOCH:DIP,USN1,UOS14
BIOCH:MPH-R,R1,OS14
BIOCH:MSC-R,R1,OS14
BIOCH:NQUAL-R,R1,OS14
BIOCH:PHD-R,R1,OS14
BIOCHCELL:BSC,USN1,UOS14
BIOCHFRE-A:BSC,USN1,UOS14
BIOCHGER-A:BSC,USN1,UOS14
BIOCHITAL-A:BSC,USN1,UOS14
BIOCHMED:BSC,USN1,UOS14
BIOCHNEU:BSC,USN1,UOS14
BIOCHTECH:BSC,USN1,UOS14
BIOCON-ENV:BSC,USN1,UOS14
BIOCONMAN:BSC,USN1,UOS14
BIODIV:MPH-R,R1,OS14
BIODIV:MSC-R,R1,OS14
BIODIV:PHD-R,R1,OS14
BIOL(V2)-A:BSC,USN1,UOS14
BIOL-A:BSC,USN1,UOS14
BIOL-F-4:BSC,USN1,UOS14
BIOL-S:BSC,USN1,UOS14
BIOL/CH:BSC-P,USN1,UOS14
BIOL/CHAUS-A:BSC,USN1,UOS14
BIOL/CHAUS-A:MCHEM,USN1,UOS14
BIOL/CHDEN-A:BSC,USN1,UOS14
BIOL/CHEM-A:BSC,USN1,UOS14
BIOL/CHEM-A:MCHEM,USN1,UOS14
BIOL/CHEM-S:BSC,USN1,UOS14
BIOL/CHEM:BSC,USN1,UOS14
BIOL/CHFRE-A:BSC,USN1,UOS14
BIOL/CHFREITAL-A:BSC,USN1,UOS14
BIOL/CHGER-A:BSC,USN1,UOS14
BIOL/CHITAL-A:BSC,USN1,UOS14
BIOL/CHSPN-A:BSC,USN1,UOS14
BIOL/FORENSIC-S:BSC,USN1,UOS14
BIOL/FORENSIC:BSC,USN1,UOS14
BIOL:BSC,USN1,UOS14
BIOL:CERT,USN1,UOS14
BIOL:DIP,USN1,UOS14
BIOLSCI:BSC,USN1,UOS14
BIOMEDIMAG:MSC-T,,
BIOMEDIMAG:PCERT-T,,
BIOMEDIMAG:PDIP-T,,
BIOMEDSCI(V2)-A:BSC,USN1,UOS14
BIOMEDSCI-S:BSC,USN1,UOS14
BIOMEDSCI:BSC,USN1,UOS14
BIOMEDSCI:BSC-P,USN1,UOS14
BIOMEDSCI:DIP,USN1,UOS14
BIOMET-SSENG:MSC-T,S1,OS14
BIOMET-SSENG:PDIP-T,S1,OS14
BIOSCI:DSC-R,R1,OS14
BIOSCI:GDIP-T,UXN14,UXN14
BIOTECBIOENG:MSC-T,S1,OS14
BIOTECH:MRS-R,R1,OS14
BIOTECH:MSC-R,R1,OS14
BIOTECH:MSC-T,S1,OS14
BIOTECH:PDIP-T,S1,OS14
BRAMPST-A:BA,USN1,UOS1
BRAMPST:DIP,USN1,UOS1
BRFREACC-A:BA,USN1,UOS1
BROADBAND:MSC-T,S1,OS14
BROADBAND:PDIP-T,S1,OS14
BUILDING(C):HND,UXN2,
BUILDING:HNC,,
BUILDING:HND,USN1,UOS1
BUILDINGCC:HNC,USN1,UOS1
BUILDINGMKC:HNC,USN1,UOS1
BUILDINGMKC:HND,USN1,UOS1
BUILDINGQS:HNC,,
BUILDSENG:HNC,,
BUILDSENG:HND,,
BUILDSERENG:HND,,
BUS-ECON-A:BA,USN1,UOS1
BUS-ECON-S:BA,USN1,UOS1
BUS-ECON:BA,USN1,UOS1
BUS-LEISURE:BA,USN1,UOS1
BUS/MATHS-S:BSC,USN1,UOS1
BUS/MATHS:DIP,USN1,UOS1
BUSADMIN(M)-S:BBAI,USN1,UOS1
BUSADMIN(M):BBA,USN1,UOS1
BUSADMIN-ECON:BA,USN1,UOS1
BUSADMIN-ELL:BA,USN1,UOS1
BUSADMIN-OPT:BBA,USN1,UOS1
BUSADMIN-POL-S:BA,USN1,UOS1
BUSADMIN-POL-S:BSC,USN1,UOS1
BUSADMIN-POL:BA,USN1,UOS1
BUSADMIN-POLIR-S:BA,USN1,UOS1
BUSADMIN-POLITICS:BA,USN1,UOS1
BUSADMIN-S:BBAI,USN1,UOS1
BUSADMIN/COMP-S:BACI,USN1,UOS1
BUSADMIN/COMP:BBAC,USN1,UOS1
BUSADMIN:BBA,USN1,UOS1
BUSADMIN:DIP,USN1,UOS1
BUSADMIN:PDIP-T,E1,E1
BUSADMINASIA-A:BBA,USN1,UOS1
BUSADMINHSCARE:FDA,,
BUSADMINSS:CERT,USN1,UOS1
BUSANALYTICS-S:BSC,USN1,UOS1
BUSANALYTICS:BSC,USN1,UOS1
BUSANALYTICS:CERT,USN1,UOS1
BUSANALYTICS:DIP,USN1,UOS1
BUSANALYTICS:MSC-T,P18,OS13
BUSANALYTICS:PDIP-T,P18,OS13
BUSCOMP-S:BSC,USN1,UOS14
BUSCOMP:BSC,USN1,UOS14
BUSENG:GDIP,,
BUSENV:MSC-R,R1,OS14
BUSENV:PHD-R,R1,OS14
BUSI(FIN):HNC,,
BUSI(FIN):HND,UXN2,
BUSI(HRM):HNC,,
BUSI(HRM):HND,UXN2,
BUSI(LAW):HNC,,
BUSI(LAW):HND,UXN2,
BUSI(MARKETING):HNC,,
BUSI(MARKETING):HND,UXN2,
BUSI(RM):HND,UXN2,
BUSI-ECON-S:BA,USN1,UOS1
BUSINESS(HR):BA,UXN2,
BUSINESS(MM):BA,UXN2,
BUSINESS(RM):BA,USN1,UOS1
BUSINESS(TM):BA,UXN2,
BUSINESS(TOPUP):BA,USN1,UOS1
BUSINESS-ELS:BA,USN1,UOS1
BUSINESS-INFO-S:BSC,,UOS14
BUSINESS-INFO:BSC,,UOS14
BUSINESS-INFO:CERT,USN1,UOS14
BUSINESS-IT-S:BSC,USN1,UOS14
BUSINESS-IT:BSC,USN1,UOS14
BUSINESS:HNC,,
BUSINESS:HND,,
BUSINESSMGT:HNC,,
BUSINESSMGT:HND,,
BUSINESSMKC:HNC,USN1,UOS1
BUSINESSMKC:HND,USN1,UOS1
BUSINESSSKC:HNC,USN1,UOS1
BUSINESSSKC:HND,USN1,UOS1
BUSINFOTECH-S:BSC,USN1,UOS14
BUSINFOTECH:BSC,USN1,UOS14
BUSIT:HNC,,
BUSIT:HND,USN1,UOS1
BUSMAN-F:FDA,,
BUSMAN:HNC,,
BUSMAN(RETAIL)-S:BA,USN1,OS1
BUSSTD:PDIP-T,S1,OS1
BUSTUD(TOPUP):BA,UXN2,
BUSTUD-S:BA,USN1,UOS1
BUSTUD/TOUR-S:BA,USN1,UOS1
BUSTUD/TOUR:BA,USN1,UOS1
BUSTUD:BA,USN1,
BUSTUD:CERT,USN1,UOS1
BUSTUD:DIP,USN1,UOS1
BUSTUD:HNC,,
BUSTUD:HND,USN1,UOS1
BUSTUDI-S:BA,USN1,UOS1
BUSTUDMKC:BA,USN1,UOS1
BUSTUDSKC:BA,USN1,UOS1
BUSTUDSKC:HND,USN1,UOS1
CAD3DAN:CRDT,,
CAD3DAN:HNC,,
CAD3DAN:HND,UXN2,
CANCERBIO:MSC-T,S1,OS14
CARELD:MA-T,,
CARELD:NQUAL-T,,
CARELD:PDIP-T,,
CAREMAN:BA,USN1,UOS1
CAREMH:MA-T,,
CAREMH:NQUAL-T,,
CAREMH:PDIP-T,,
CAREOP:MA-T,,
CAREOP:NQUAL-T,S1,OS1
CAREOP:PDIP-T,,
CAREPRAC:HNC,,
CAREPRAC:HND,USN1,UOS1
CARESERV(CM):HNC,,
CARESERV(SC):HNC,,
CARESOCWK:MA-T,S1,OS1
CARESOCWK:PDIP-T,S1,OS1
CARTCARIC:MA-R,R1,OS1
CARTCARIC:MPH-R,R1,OS1
CARTCARIC:PHD-R,R1,OS1
CARTOON:MA-R,R1,OS1
CARTOON:MPH-R,R1,OS1
CARTOON:PHD-R,R1,OS1
CARTS(FILM):BA,USN1,UOS1
CARTS:BA,USN1,UOS1
CDIGARTS:BA,USN1,UOS1
CELLBIO:MPH-R,R1,OS14
CELLBIO:MSC-R,R1,OS14
CELLBIO:PHD-R,R1,OS14
CENG:HNC,,
CENG:HND,,
CGC:PHD-R,,
CHEM-4:MCHEM,USN1,UOS14
CHEM-A:BSC,USN1,UOS14
CHEM-A:MCHEM,USN1,UOS14
CHEM-BUSADMIN:BSC,USN1,UOS1
CHEM-BUSTUD-A:BSC,USN1,UOS1
CHEM-BUSTUD:BSC,USN1,UOS1
CHEM-COMPSCI-S:BSC,USN1,UOS14
CHEM-COMPSCI:BSC,USN1,UOS14
CHEM-ENV-S:BSC,USN1,UOS14
CHEM-ENVITAL-A:MCHEM,USN1,UOS14
CHEM-ENVSWI-A:MCHEM,USN1,UOS14
CHEM-F-4:BSC,USN1,UOS14
CHEM-PHYS-4:MSCI,USN1,UOS14
CHEM-PHYS-A:BSC,USN1,UOS14
CHEM-PHYS-G:MSCI,USN1,UOS14
CHEM-PHYS-S:BSC,USN1,UOS14
CHEM-PHYS:BSC,USN1,UOS14
CHEM-S:BSC,USN1,UOS14
CHEM-S:MCHEMI,USN1,UOS14
CHEM/ENV(A)-A:BSC,USN1,UOS14
CHEM/ENV-A:BSC,USN1,UOS14
CHEM/ENV-A:MCHEM,USN1,UOS14
CHEM/ENV:BSC,USN1,UOS14
CHEM/ENV:MSC-R,R1,OS14
CHEM/ENV:PHD-R,R1,OS1
CHEM/ENVA-A:BSC,USN1,UOS14
CHEM/ENVAUS-A:BSC,USN1,UOS14
CHEM/ENVAUS-A:MCHEM,USN1,UOS14
CHEM/ENVBEL-A:BSC,USN1,UOS14
CHEM/ENVFRE-A:BSC,USN1,UOS14
CHEM/ENVFRE-A:MCHEM,USN1,UOS14
CHEM/ENVGER-A:BSC,USN1,UOS14
CHEM/ENVGER-A:MCHEM,USN1,UOS14
CHEM/ENVHOL-A:BSC,USN1,UOS14
CHEM/ENVITAL-A:BSC,USN1,UOS14
CHEM/ENVNOR-A:BSC,USN1,UOS14
CHEM/ENVNTH-A:BSC,USN1,UOS14
CHEM/ENVSPN-A:BSC,USN1,UOS14
CHEM/ENVSWE-A:BSC,USN1,UOS14
CHEM/ENVSWI-A:BSC,USN1,UOS14
CHEM/MANSC(A)-A:BSC,USN1,UOS14
CHEM/MANSC-A:BSC,USN1,UOS14
CHEM/MANSC-A:MCHEM,USN1,UOS14
CHEM/MANSC-S:BSC,USN1,UOS14
CHEM/MANSC:BSC,USN1,UOS14
CHEM/MANSCAM-A:BSC,USN1,UOS14
CHEM/MANSCAUS-A:BSC,USN1,UOS14
CHEM/MANSCBEL-A:BSC,USN1,UOS14
CHEM/MANSCFRE-A:BSC,USN1,UOS14
CHEM/MANSCGER-A:BSC,USN1,UOS14
CHEM/MANSCITAL-A:BSC,USN1,UOS14
CHEM/MANSCNOR-A:BSC,USN1,UOS14
CHEM/MANSCSPN-A:BSC,USN1,UOS14
CHEM/MSAUS-A:MCHEM,USN1,UOS14
CHEM/MSGER-A:MCHEM,USN1,UOS14
CHEM:CERT,USN1,UOS14
CHEM:DIP,USN1,UOS14
CHEM:MPH-R,R1,OS1
CHEM:MSC-R,R1,OS14
CHEM:MSC-T,S1,OS14
CHEM:NQUAL-R,R1,OS14
CHEM:PDIP-R,R1,OS14
CHEM:PDIP-T,S1,OS14
CHEM:PHD-R,R1,OS14
CHEMA-A:BSC,USN1,UOS14
CHEMDEN-A:MCHEM,USN1,UOS14
CHEMEUR-A:BSC,USN1,UOS14
CHEMFRE-A:BSC,USN1,UOS14
CHEMFRE-A:MCHEM,USN1,UOS14
CHEMIN-S:BSC,USN1,UOS14
CHEMISTRY-S:BSC,USN1,UOS14
CHEMISTRY:BSC,USN1,UOS14
CHEMISTRY:BSC-P,USN1,UOS14
CHEMISTRY:CERT,USN1,UOS14
CHEMISTRY:DIP,USN1,UOS14
CHEMISTRY:MCHEM,USN1,UOS14
CHEMNH:BSC,USN1,UOS14
CHEMPHYS-A:BSC,USN1,UOS14
CHEMPHYS-S:BSC,USN1,UOS14
CHEMPHYS:BSC,USN1,UOS14
CHEMPHYS:DIP,USN1,UOS14
CHEMPHYS:MSC-R,R1,OS1
CHEMPHYS:PHD-R,R1,OS14
CHEMPHYSDEN-A:BSC,USN1,UOS14
CHEMPHYSFRE-A:BSC,USN1,UOS14
CHEMPHYSGER-A:BSC,USN1,UOS14
CHEMPHYSITAL-A:BSC,USN1,UOS14
CHEMSPN-A:BSC,USN1,UOS14
CHILDHOODSTUD:FDA,,
CHILDSTUD:HNC,,
CHILDYS:CERT,,
CHILDYS:FDA,,
CHLTHPRAC:PDIP-T,S1,OS1
CHRISTHEO:CERT,USN1,
CHRISTHEO:DIP,USN1,
CIB:CRDT,USN1,UOS1
CIVILENG(C):HND,,
CIVILENG-F90:FDENG,,
CIVILENG-F:FDENG,,
CIVILENG:HNC,,
CIVILENG:HND,,
CIVILENGIN(120):HNC,,
CIVILENGIN-120:HND,,
CIVILENGIN:BSC,,
CIVILENGIN:HNC,,
CIVILENGIN:HND,,
CIVILENGINEER:HND,,
CIVILENGMKC:HNC,USN1,UOS1
CIVILSOC:MA-T,S1,OS1
CIVILSOC:PDIP-T,E38,XXX1
CLA-CLS:BA,USN1,UOS1
CLA-COMP:BA,USN1,UOS14
CLA-DRA:BA,USN1,UOS1
CLA-ELANG:BA,USN1,UOS1
CLA-ENG:BA,USN1,UOS1
CLA-EURST-A:BA,USN1,UOS1
CLA-FILM:BA,USN1,UOS1
CLA-FRE-A:BA,USN1,UOS1
CLA-GER-A:BA,USN1,UOS1
CLA-HIS:BA,USN1,UOS1
CLA-HTA:BA,USN1,UOS1
CLA-ITAL-A:BA,USN1,UOS1
CLA-LING:BA,USN1,UOS1
CLA-PHIL:BA,USN1,UOS1
CLA-THRS:BA,USN1,UOS1
CLACIV:BA,USN1,UOS1
CLACIVL:BA,USN1,UOS1
CLARCH/ECULT:BA,USN1,UOS1
CLASARC:MA-R,R1,OS1
CLASARC:MPH-R,R1,OS1
CLASARC:PHD-R,R1,OS1
CLASARCS-EAMLIT-A:BA,USN1,UOS1
CLASARCST-A:BA,USN1,UOS1
CLASARCST-CLS:BA,USN1,UOS1
CLASARCST-COMP:BA,USN1,UOS14
CLASARCST-COMPLIT:BA,USN1,UOS1
CLASARCST-DRA:BA,USN1,UOS1
CLASARCST-EAMLIT:BA,USN1,UOS1
CLASARCST-EAMLT-A:BA,USN1,UOS1
CLASARCST-EAPCOL:BA,USN1,UOS1
CLASARCST-EURST-A:BA,USN1,UOS1
CLASARCST-FIL:BA,USN1,UOS1
CLASARCST-FILM-A:BA,USN1,UOS1
CLASARCST-FILM:BA,USN1,UOS1
CLASARCST-FRE-A:BA,USN1,UOS1
CLASARCST-GER-A:BA,USN1,UOS1
CLASARCST-HIS:BA,USN1,UOS1
CLASARCST-HPA-A:BA,USN1,UOS1
CLASARCST-HPA:BA,USN1,UOS1
CLASARCST-HPA:DIP,USN1,UOS1
CLASARCST-HTA:BA,USN1,UOS1
CLASARCST-HTA:DIP,USN1,UOS1
CLASARCST-ITAL-A:BA,USN1,UOS1
CLASARCST-OPT:BA,USN1,UOS1
CLASARCST-PHIL:BA,USN1,UOS1
CLASARCST-RS:BA,USN1,UOS1
CLASARCST-SPN-A:BA,USN1,UOS1
CLASARCST-THRS:BA,USN1,UOS1
CLASARCST:BA,USN1,UOS1
CLASARCST:CERT,USN1,UOS1
CLASARCST:DIP,USN1,UOS1
CLASARCST:MA-R,R1,OS1
CLASARCST:MPH-R,R1,OS1
CLASARCST:PHD-R,R1,OS1
CLASARCSTHK-A:BA,USN1,UOS1
CLASARCTST-PHHK-A:BA,USN1,UOS1
CLASSIM:MA-T,S1,OS1
CLASSIM:PDIP-T,S1,OS1
CLAST-CLS:BA,USN1,UOS1
CLAST-COMP:BA,USN1,UOS14
CLAST-DRA:BA,USN1,UOS1
CLAST-EAMLIT:BA,USN1,UOS1
CLAST-EAPCOL:BA,USN1,UOS1
CLAST-ELANG:BA,USN1,UOS1
CLAST-ENG:BA,USN1,UOS1
CLAST-ENG:DIP,USN1,UOS1
CLAST-EPCOL:BA,USN1,UOS1
CLAST-EURST-A:BA,USN1,UOS1
CLAST-FILM:BA,USN1,UOS1
CLAST-FRE-A:BA,USN1,UOS1
CLAST-GER-A:BA,USN1,UOS1
CLAST-HIS:BA,USN1,UOS1
CLAST-HTA:BA,USN1,UOS1
CLAST-ITAL-A:BA,USN1,UOS1
CLAST-LING:BA,USN1,UOS1
CLAST-PHIL:BA,USN1,UOS1
CLAST-SPN-A:BA,USN1,UOS1
CLAST-THRS:BA,USN1,UOS1
CLAST:BA,USN1,UOS1
CLAST:DIP,USN1,UOS1
CLAST:MA-R,R1,OS1
CLAST:MPH-R,R1,OS1
CLAST:PHD-R,R1,OS1
CLINPSY:MPH-R,R1,OS1
CLINPSY:PHD-R,R1,OS1
CLINPSYINTDEV:MPH-R,R1,OS1
CLINPSYINTDEV:PHD-R,R1,OS1
CLS-COMP:BA,USN1,UOS14
CLS-DRA:BA,USN1,UOS1
CLS-EAMLIT-A:BA,USN1,UOS1
CLS-EAMLIT:BA,USN1,UOS1
CLS-EAMLIT:CERT,USN1,UOS1
CLS-EAMLIT:DIP,USN1,UOS1
CLS-EAPCOL:BA,USN1,UOS1
CLS-ELANG:BA,USN1,UOS1
CLS-ENG:BA,USN1,UOS1
CLS-ENGLIT:BA,USN1,UOS1
CLS-EPCOL:BA,USN1,UOS1
CLS-EURST-A:BA,USN1,UOS1
CLS-FILM-A:BA,USN1,UOS1
CLS-FILM:BA,USN1,UOS1
CLS-FRE-A:BA,USN1,UOS1
CLS-FRE:BA,USN1,UOS1
CLS-GER-A:BA,USN1,UOS1
CLS-GER:BA,USN1,UOS1
CLS-HIS:BA,USN1,UOS1
CLS-HPA:BA,USN1,UOS1
CLS-HTA:BA,USN1,UOS1
CLS-ITAL-A:BA,USN1,UOS1
CLS-LING:BA,USN1,UOS1
CLS-OPT:BA,USN1,UOS1
CLS-PHIL:BA,USN1,UOS1
CLS-PHIL:BA-P,USN1,UOS1
CLS-PHIL:BAORD,USN1,UOS1
CLS-POL:BA,USN1,UOS1
CLS-RS:BA,USN1,UOS1
CLS-SPN-A:BA,USN1,UOS1
CLS-SPN:BA,USN1,UOS1
CLS-SPN:DIP,USN1,UOS1
CLS-THRS:BA,USN1,UOS1
CLS/ECULT:BA,USN1,UOS1
CLS:BA,USN1,UOS1
CLS:CERT,USN1,UOS1
CLS:DIP,USN1,UOS1
CLS:MA-R,R1,OS1
CLS:MPH-R,R1,OS1
CLS:NQUAL-R,R1,OS1
CLS:PDIP-T,S1,OS1
CLS:PHD-R,R1,OS1
CMPROD:BA,UXN2,
COATZMAN:HNC,,
COGNEURO:MSC-T,S1,OS1
COGNEURO:PHD-R,R1,OS1
COMB/CULTSTUD:BA,USN1,UOS1
COMBEUROLAWENV:LLM-T,S1,OS1
COMBICLAWENV:LLM-T,S1,OS1
COMBINEDLAW:LLM-T,S1,OS1
COMBLAWEUROLAW:LLM-T,S1,OS1
COMBLAWINTCOM:LLM-T,S1,OS1
COMBLAWMEDLAW:LLM-T,S1,OS1
COMBST:DIP,USN1,UOS1
COMDEVREG:FDA,USN1,UOS1
COMIMAGE-A:BA,USN1,UOS1
COMIMAGE-PHIL:BA,USN1,UOS1
COMIMAGE:BA,USN1,UOS1
COMIMAGE:DIP,USN1,UOS1
COMIMAGE:MA-R,R1,OS1
COMIMAGE:MPH-R,R1,OS1
COMIMAGE:PHD-R,R1,OS1
COMMCARE:MA-R,R1,OS1
COMMCARE:MA-T,,
COMMCARE:MPH-R,R1,OS1
COMMCARE:NQUAL-T,,
COMMCARE:PCRT-T,,
COMMCARE:PHD-R,R1,OS1
COMMEN-4:MENG,USN1,UOS14
COMMEN-A:MENG,USN1,UOS14
COMMENG:BENG,USN1,UOS14
COMMENG:BENG-P,USN1,UOS14
COMMENG:DIP,USN1,UOS14
COMMPHARM:FDSC,,
COMP-ACC:BA,USN1,UOS14
COMP-ACCF-S:BA,USN1,UOS14
COMP-ACCF:BA,USN1,UOS14
COMP-ANT:BA,USN1,UOS1
COMP-BUSADMIN-S:BSC,USN1,UOS14
COMP-BUSADMIN:BSC,USN1,UOS14
COMP-DRA:BA,USN1,UOS14
COMP-EAMLIT:BA,USN1,UOS14
COMP-EAPCOL:BA,USN1,UOS14
COMP-ECON-S:BSC,USN1,UOS14
COMP-ECON:BA,USN1,UOS14
COMP-ECON:BSC,USN1,UOS14
COMP-ELANG:BA,USN1,UOS14
COMP-ELEC:CERT,USN1,UOS14
COMP-ENG:BA,USN1,UOS14
COMP-EPCOL:BA,USN1,UOS14
COMP-EURST-A:BA,USN1,UOS14
COMP-EURST:BA,USN1,UOS14
COMP-FILM:BA,USN1,UOS14
COMP-FRE-A:BA,USN1,UOS14
COMP-FRE:BA,USN1,UOS14
COMP-FRE:DIP,USN1,UOS14
COMP-GEOG:BA,USN1,UOS14
COMP-GER-A:BA,USN1,UOS14
COMP-HIS:BA,USN1,UOS14
COMP-HPA:BA,USN1,UOS14
COMP-HTA:BA,USN1,UOS14
COMP-ITAL-A:BA,USN1,UOS14
COMP-LING:BA,USN1,UOS14
COMP-MANSC:HND,USN1,UOS14
COMP-PHIL:BA,USN1,UOS14
COMP-POL:BA,USN1,UOS14
COMP-PSY:BSC,USN1,UOS1
COMP-RS:BA,USN1,UOS14
COMP-SPN-A:BA,USN1,UOS14
COMP-SPSY:BA,USN1,UOS14
COMP-SPSY:BSC,USN1,UOS14
COMP-STATS:BSC,USN1,UOS14
COMP-THRS:BA,USN1,UOS14
COMPANI:MSC-T,P9,UOS14
COMPANI:PDIP-T,P9,UOS14
COMPBUSI(C):HND,,
COMPBUSINFO:HNC,,
COMPBUSINFO:HND,USN1,UOS14
COMPBUSINFOEV:HNC,USN1,UOS14
COMPENTRE-I:MSC-T,S1,OS14
COMPENTRE-S-I:MSC-T,S1,OS14
COMPENTRE-S:MSC-T,S1,OS14
COMPENTRE:MSC-T,S1,OS14
COMPENTRE:PCRT-T,S1,OS14
COMPENTRE:PDIP-T,S1,OS14
COMPFED:MA-T,S1,OS1
COMPFED:PDIP-T,S1,OS1
COMPLIT(PARIS):MA-T,E3H,E3O
COMPLIT-A:BA,USN1,UOS1
COMPLIT-COMP:BA,USN1,UOS14
COMPLIT-DRA:BA,USN1,UOS1
COMPLIT-DRA:CERT,USN1,UOS1
COMPLIT-EAMLIT-A:BA,USN1,UOS1
COMPLIT-EAMLIT:BA,USN1,UOS1
COMPLIT-EAMLIT:CERT,USN1,UOS1
COMPLIT-EAMLIT:DIP,USN1,UOS1
COMPLIT-EAPCOL:BA,USN1,UOS1
COMPLIT-ELL-A:BA,USN1,UOS1
COMPLIT-ELL:BA,USN1,UOS1
COMPLIT-ENGLIT:BA,USN1,UOS1
COMPLIT-EURST-A:BA,USN1,UOS1
COMPLIT-FIL:BA,USN1,UOS1
COMPLIT-FILM-A:BA,USN1,UOS1
COMPLIT-FILM:BA,USN1,UOS1
COMPLIT-FILM:CERT,USN1,UOS1
COMPLIT-FILTA:BA,USN1,UOS1
COMPLIT-FRE-A:BA,USN1,UOS1
COMPLIT-FRE:BA,USN1,UOS1
COMPLIT-GER-A:BA,USN1,UOS1
COMPLIT-GER:BA,USN1,UOS1
COMPLIT-HIS:BA,USN1,UOS1
COMPLIT-HPA:BA,USN1,UOS1
COMPLIT-ITAL-A:BA,USN1,UOS1
COMPLIT-PHIL-A:BA,USN1,UOS1
COMPLIT-PHIL:BA,USN1,UOS1
COMPLIT-PHIL:BA-P,USN1,UOS1
COMPLIT-POL:BA,USN1,UOS1
COMPLIT-RS:BA,USN1,UOS1
COMPLIT-SPN-A:BA,USN1,UOS1
COMPLIT-SPN:BA,USN1,UOS1
COMPLIT-SPN:DIP,USN1,UOS1
COMPLIT:BA,USN1,UOS1
COMPLIT:CERT,USN1,UOS1
COMPLIT:DIP,USN1,UOS1
COMPLIT:MA-R,R1,OS1
COMPLIT:MA-T,S1,OS1
COMPLIT:MPH-R,R1,OS1
COMPLIT:NQUAL-R,R1,OS1
COMPLIT:PHD-R,R1,OS1
COMPLIT:PHIL:BAORD,USN1,UOS1
COMPLITPT:CERT,USN1,UOS1
COMPLITPT:DIP,USN1,UOS1
COMPOLIT:MA-R,R1,OS1
COMPOLIT:MA-T,S1,OS1
COMPOLIT:MPH-R,R1,OS1
COMPOLIT:PHD-R,,
COMPSCI(AI)-S:BSC,USN1,UOS14
COMPSCI(AI):BSC,USN1,UOS14
COMPSCI(AI):CERT,USN1,UOS14
COMPSCI(BUS)-S:BSC,USN1,UOS14
COMPSCI(BUS):BSC,USN1,UOS14
COMPSCI(CON)-S:BSC,USN1,UOS14
COMPSCI(CON):BSC,USN1,UOS14
COMPSCI(IS)-S:BSC,USN1,UOS14
COMPSCI(IS):BSC,USN1,UOS14
COMPSCI(NET)-S:BSC,USN1,UOS14
COMPSCI(NET):BSC,USN1,UOS14
COMPSCI(S)-S:BSC,USN1,UOS14
COMPSCI-4:MENG,USN1,UOS14
COMPSCI-AI-S:BSC,USN1,UOS14
COMPSCI-AI:BSC,USN1,UOS14
COMPSCI-BUSAD-S:BSC,USN1,UOS14
COMPSCI-BUSADMIN:BSC,USN1,UOS14
COMPSCI-I:MSC-T,S1,OS14
COMPSCI-MANSC:BSC,USN1,UOS14
COMPSCI-MS-S:BSC,USN1,UOS14
COMPSCI-S-I:MSC-T,S1,OS14
COMPSCI-S:BSC,USN1,UOS14
COMPSCI-S:BSC-P,USN1,UOS14
COMPSCI-S:MSC-T,S1,OS14
COMPSCI/MANSC:BSC,USN1,UOS14
COMPSCI/MS(S)-S:BSC,USN1,UOS14
COMPSCI/MS-S:BSC,USN1,UOS14
COMPSCI:BSC,USN1,UOS14
COMPSCI:CERT,USN1,UOS14
COMPSCI:CRDT,R1,OS14
COMPSCI:DIP,USN1,UOS14
COMPSCI:GCERT,USN1,UOS14
COMPSCI:GDIP,USN1,UOS14
COMPSCI:MPH-R,R1,OS14
COMPSCI:MSC-R,R1,OS14
COMPSCI:MSC-T,S1,OS14
COMPSCI:NQUAL-R,R1,OS14
COMPSCI:NQUAL-T,S1,OS14
COMPSCI:PDIP,S1,OS1
COMPSCI:PDIP-R,R1,OS14
COMPSCI:PDIP-T,S1,OS14
COMPSCI:PHD-R,R1,OS14
COMPSCICON:MSC-T,S1,OS1
COMPSCICON:PDIP-T,S1,OS1
COMPSCINF-A:BSC,USN1,UOS14
COMPSE:HNC,,
COMPSE:HND,USN1,UOS14
COMPSEC-I:MSC-T,S1,OS14
COMPSEC-S-I:MSC-T,S1,OS14
COMPSEC-S:MSC-T,S1,OS14
COMPSEC:MSC-T,S1,OS14
COMPSEC:PCRT-T,S1,OS14
COMPSEC:PDIP-T,S1,OS14
COMPSTATS:MA-T,S1,OS1
COMPSTATS:PDIP-T,S1,OS1
COMPSTUD:HNC,,
COMPSTUD:HND,USN1,UOS14
COMPTHER:CERT,UXN2,
COMPUT(C):HND,USN1,UOS14
COMPUTING(CON)-S:BSC,USN1,UOS14
COMPUTING-S:BSC,USN1,UOS14
COMPUTING:BSC,USN1,UOS14
COMPUTING:GCERT,USN1,UOS14
COMPUTING:GDIP,USN1,UOS14
COMPUTING:HNC,,
COMPUTING:HND,,
COMPUTINGEV:HNC,USN1,UOS14
COMSYSENG-4:MENG,USN1,UOS14
COMSYSENG:BENG,USN1,UOS14
CONBIO:CERT,USN1,UOS14
CONBIO:MPH-R,R1,OS14
CONBIO:MSC-R,P25,OS14
CONBIO:MSC-T,P25,OS14
CONBIO:NQUAL-R,R1,OS14
CONBIO:NQUAL-T,S1,OS14
CONBIO:PDIP-T,S1,OS14
CONBIO:PHD-R,R1,OS14
CONBIOL:NQUAL-T,S1,OS14
CONBIOLAW:MSC-T,P25,OS14
CONBUS:MSC-T,P25,OS14
CONBUS:PDIPT-T,,
CONINTWILD:MSC-T,P25,OS14
CONPIFGBE:MA-T,,
CONPLANTSCI:MSC-T,P25,OS14
CONPLANTSCI:PDIP-T,,
CONPMAN:MSC-T,P25,OS14
CONPRIMBEH:MSC-T,P25,OS14
CONPRIMBEH:PDIP-T,,
CONPS:BA,USN1,UOS1
CONRURALDEV:MSC-T,P25,OS14
CONRURALDEV:PDIP-T,S1,OS14
CONS:HNC,,
CONS:HND,,
CONSMAN:CERT,,
CONST(120):HNC,,
CONST(120ASH):HNC,,
CONST(120TON):HNC,,
CONST:BSC,,
CONST:HNC,,
CONSTRUCT(SKC):FD,UXN6,
CONSTRUCT(TON):FDSC,,
CONSTRUCT-F90:FDSC,,
CONSTRUCT-F:FDSC,,
CONSTRUCT:HNC,,
CONSTRUCT:HND,USN1,UOS1
CONSTRUCTION:HND,,
CONSTUD:MSC-T,S1,OS1
CONSTUD:PDIP-T,S1,OS1
CONTED:CERT60,,
CONTEDU:DIP,USN1,UOS1
CONTEDU:MA-R,R1,OS1
CONTEDU:MA-T,S1,OS1
CONTEDU:MPH-R,R1,OS1
CONTEDU:PHD-R,R1,OS1
CONTEMPORARY:MA-T,,
CONTEMPORARY:PDIP-T,,
CONTEURST-A:BA,USN1,UOS1
CONTNOVEL:MA-R,R1,OS1
CONTNOVEL:PHD-R,R1,OS1
CONTOUR:MSC-T,P25,OS14
CORS:BSC,USN1,UOS14
COSMOLOGY:MA-T,S1,OS1
COSMOLOGY:PDIP-T,S1,OS1
COUNS:NQUAL-T,,
CREATEVENT-A:BA,USN1,UOS14
CREATEVENT:BA,USN1,UOS14
CRIM-CULTSTUD:BA,USN1,UOS1
CRIM-CULTSTUDTA:BA,USN1,UOS1
CRIM-SOC:BA,USN1,UOS1
CRIM-SOC:DIP,USN1,UOS1
CRIM-SOCPOL:BA,USN1,UOS1
CRIM-SOCPOL:DIP,USN1,UOS1
CRIM-SOCPOLTA:BA,USN1,UOS1
CRIM-SOCTA:BA,USN1,UOS1
CRIM:CERT,,UOS1
CRIM:MA-R,R1,OS1
CRIM:MPH-R,R1,OS1
CRIM:PHD-R,R1,OS1
CRIMINOLOGY:BA,USN1,UOS1
CRIMINOLOGY:MA-T,P4,OS5
CRIMINOLOGYSA:MA-T,P4,OS5
CRIMJS:LLM-T,,OS1
CRIMJUST:BA,USN1,UOS1
CRIMJUST:CERT,USN1,
CRIMJUST:CRDT,,OS1
CRIMJUST:DIP,USN1,
CRIMJUST:PDIP-T,,OS1
CRIMJUSTCRIM:BA,USN1,UOS1
CRITTHEOR:MA-T,S1,OS1
CSE(S)-S:BSC,USN1,UOS14
CSE-4:MENG,USN1,UOS14
CSE-F-4:BENG,USN1,UOS1
CSE-S:BENG,USN1,UOS14
CSE:BENG,USN1,UOS14
CSE:BSC,USN1,UOS14
CSE:MSC-T,S1,OS14
CSE:NQUAL-T,S1,OS1
CSE:PDIP-T,S1,OS14
CSENG-4:MENG,USN1,UOS14
CSENG-F-4:BENG,USN2,UXN14
CSENG-S:BENG,USN1,UOS14
CSENG-S:MENG,USN1,UOS14
CSENG:BENG,USN1,UOS14
CSENG:CERT,USN1,UOS14
CSENG:DIP,USN1,UOS14
CSENG:MENG,USN1,UOS14
CULSTUD(COMB)-A:BA,USN1,UOS1
CULTSTUD-ANT:BA,USN1,UOS1
CULTSTUD-CLS:BA,USN1,UOS1
CULTSTUD-COMPLIT:BA,USN1,UOS1
CULTSTUD-HPA:BA,USN1,UOS1
CULTSTUD-HTA:BA,USN1,UOS1
CULTSTUD-OPT:BA,USN1,UOS1
CULTSTUD-SOC:CERT,USN1,UOS1
CULTSTUD:BA,USN1,UOS1
CULTSTUD:DIP,USN1,UOS1
CURATING:MA-T,S1,OS1
CWRITING(PARIS):MA-T,E3H,E3O
CWRITING(PARIS):PDIP,E3H,E3O
CWRITING:MA-T,S1,OS1
CYPLEARN:DIP,,
DANCE:HND,UXN2,
DEVECON:MA-T,S1,OS1
DEVECON:PDIP-T,S1,OS1
DEVPSY:MSC-T,S1,OS1
DEVPSY:PDIP-T,S1,OS1
DEVPSYPATH:MSC-T,S1,OS1
DEVST-ECH:BA,USN1,UOS1
DEVST-ECON:BA,USN1,UOS1
DEVST-SOCANT:BA,USN1,UOS1
DEVST-SOCANTHUN-A:BA,USN1,UOS1
DEVST:DIP,USN1,UOS1
DIGARTS-S:BA,USN1,UOS14
DIGARTS:BA,USN1,UOS14
DIGARTS:MPH-R,R1,OS14
DIGARTS:MSC-R,R1,OS14
DIGARTS:PHD-R,R1,OS14
DIGELEC:BENG,USN1,UOS14
DIGENTINFOSYS:MSC-T,S1,OS14
DIGENTINFOSYS:PCRT,S1,OS14
DIGENTINFOSYS:PDIP,S1,OS14
DIGVISEFF:MSC-T,P9,OS14
DIGVISEFF:PDIP-T,P9,OS14
DISSYS:CRDT,R1,OS14
DISSYS:MSC-T,S1,OS14
DISSYS:PDIP-T,S1,OS1
DISSYSNET:MSC-T,S1,OS14
DISSYSNET:NQUAL-T,S1,OS14
DISSYSNET:PDIP-T,S1,OS14
DRA-ACS:BA,USN1,UOS1
DRA-EAPCOL:BA,USN1,UOS1
DRA-ELANG:BA,USN1,UOS1
DRA-ELL:BA,USN1,UOS1
DRA-ENG:BA,USN1,UOS1
DRA-EPCOL:BA,USN1,UOS1
DRA-EURST-A:BA,USN1,UOS1
DRA-FIL:BA,USN1,UOS14
DRA-FILM-A:BA,USN1,UOS14
DRA-FILM:BA,USN1,UOS14
DRA-FILM:CERT,USN1,UOS14
DRA-FILM:DIP,USN1,UOS14
DRA-FILMTA:BA,USN1,UOS14
DRA-FRE-A:BA,USN1,UOS1
DRA-FRE:BA,USN1,UOS1
DRA-GER-A:BA,USN1,UOS1
DRA-HIS:BA,USN1,UOS1
DRA-HPA:BA,USN1,UOS1
DRA-HTA:BA,USN1,UOS1
DRA-ITAL-A:BA,USN1,UOS1
DRA-LING:BA,USN1,UOS1
DRA-PHIL:BA,USN1,UOS1
DRA-PHIL:BA-P,USN1,UOS1
DRA-RS:BA,USN1,UOS1
DRA-SPN-A:BA,USN1,UOS1
DRA-SPN:BA,USN1,UOS1
DRA-THRS:BA,USN1,UOS1
DRAMA-4-OPT:BA,USN1,UOS14
DRAMA-4:BA,USN1,UOS14
DRAMA-4:MDRAMA,USN1,UOS14
DRAMA-A:BA,USN1,UOS14
DRAMA-A:MDRAMA,USN1,UOS14
DRAMA-EAMLIT-A:BA,USN1,UOS1
DRAMA-EAMLIT:BA,USN1,UOS1
DRAMA-EAMLITTA:BA,USN1,UOS1
DRAMA-MEDIA:BA,USN1,UOS14
DRAMA:BA,USN1,UOS14
DRAMA:DIP,USN1,UOS14
DRAMA:MA-R,R1,OS1
DRAMA:MPH-R,R1,OS1
DRAMA:PHD-R,R1,OS1
DRAMAPRAC:MA-R,R1,OS1
DRAMAPRAC:MPH-R,R1,OS1
DRAMAPRAC:PDIP-R,R1,OS1
DRAMAPRAC:PHD-R,R1,OS1
DRAMATHEAT-A:BA,USN1,UOS14
DRAMATHEAT-A:MDRAMA,USN1,UOS14
DRAMATHEAT-APP:MA-T,S1,OS1
DRAMATHEAT-CPP:MA-T,S1,OS1
DRAMATHEAT-CRP:MA-T,S1,OS1
DRAMATHEAT-DES:MA-T,S1,OS1
DRAMATHEAT-DIR:MA-T,S1,OS1
DRAMATHEAT-DRA:MA-T,S1,OS1
DRAMATHEAT-EUT:MA-T,S1,OS1
DRAMATHEAT-PAMO:MA-T,XXX9,XXX10
DRAMATHEAT-PAMO:PDIP,S1,OS1
DRAMATHEAT-PHYS:MA-T,S1,OS1
DRAMATHEATPHYS:MA-T,S1,OS1
DRAMATHEAT-S:BA,USN1,UOS14
DRAMATHEAT-SUP:MA-T,S1,OS1
DRAMATHEAT:BA,USN1,UOS14
DRAMATHEAT:MA-T,S1,OS1
DRAMATHEAT:MDRAMA,USN1,UOS14
DRAMATS-A:BA,USN1,UOS14
DRAMATS-S:BA,USN1,UOS14
DRAMATS:BA,USN1,UOS14
DRUGDES:MSC,S1,OS14
DVCULT:MA-T,S1,OS1
EAHP:BA,USN1,UOS1
EAMLIT(PARIS):MA-T,E3H,E3O
EAMLIT-A:BA,USN1,UOS1
EAMLIT-ELL:BA,USN1,UOS1
EAMLIT-EURST-A:BA,USN1,UOS1
EAMLIT-FIL-A:BA,USN1,UOS1
EAMLIT-FIL:BA,USN1,UOS1
EAMLIT-FILM-A:BA,USN1,UOS1
EAMLIT-FILM:BA,USN1,UOS1
EAMLIT-FILM:DIP,USN1,UOS1
EAMLIT-FRE-A:BA,USN1,UOS1
EAMLIT-FRE:BA,USN1,UOS1
EAMLIT-GER-A:BA,USN1,UOS1
EAMLIT-GER:BA,USN1,UOS1
EAMLIT-HIS-A:BA,USN1,UOS1
EAMLIT-HIS:BA,USN1,UOS1
EAMLIT-HOS:BA,USN1,UOS1
EAMLIT-HPA-A:BA,USN1,UOS1
EAMLIT-HPA:BA,USN1,UOS1
EAMLIT-HPA:DIP,USN1,UOS1
EAMLIT-HTA:BA,USN1,UOS1
EAMLIT-HTA:DIP,USN1,UOS1
EAMLIT-ITAL-A:BA,USN1,UOS1
EAMLIT-ITALIAN:BA,USN1,UOS1
EAMLIT-OPT:BA,USN1,UOS1
EAMLIT-PHIL:BA,USN1,UOS1
EAMLIT-PHIL:DIP,USN1,UOS1
EAMLIT-RS:BA,USN1,UOS1
EAMLIT-RS:DIP,USN1,UOS1
EAMLIT-SOC:BA,USN1,UOS1
EAMLIT-SPN-A:BA,USN1,UOS1
EAMLIT-SPN:BA,USN1,UOS1
EAMLIT-THRS:BA,USN1,UOS1
EAMLIT:BA,USN1,UOS1
EAMLIT:CERT,USN1,UOS1
EAMLIT:DIP,USN1,UOS1
EAMLIT:MA-T,S1,OS1
EAMLITCW-A:BA,USN1,UOS1
EAMLITCW:BA,USN1,UOS1
EAMLITCW:DIP,USN1,UOS1
EAMLITCWHK-A:BA,USN1,UOS1
EAMLITCWTA:BA,USN1,UOS1
EAMLITEUR:MA-T,S1,OS1
EAMLITEUR:PDIP-T,S1,OS1
EAMLITHK-A:BA,USN1,UOS1
EAMLITNAT:MA-T,S1,OS1
EAMLITNAT:PDIP-T,S1,OS1
EAMLITTA:BA,USN1,UOS1
EAPCOL-A:BA,USN1,UOS1
EAPCOL-ES-A:BA,USN1,UOS1
EAPCOL-FILM:BA,USN1,UOS1
EAPCOL-FRE-A:BA,USN1,UOS1
EAPCOL-GER-A:BA,USN1,UOS1
EAPCOL-HIS:BA,USN1,UOS1
EAPCOL-HOS:BA,USN1,UOS1
EAPCOL-HPA:BA,USN1,UOS1
EAPCOL-HTA:BA,USN1,UOS1
EAPCOL-ITAL-A:BA,USN1,UOS1
EAPCOL-PHIL:BA,USN1,UOS1
EAPCOL-RS:BA,USN1,UOS1
EAPCOL-SPN-A:BA,USN1,UOS1
EAPCOL-THRS:BA,USN1,UOS1
EAPCOL:BA,USN1,UOS1
ECECMET:MA-T,S1,OS1
ECECMET:MSC-T,E6H,E6O
ECECMET:PGCERT-T,E6H,E6O
ECECMET:PGDIP-T,E6H,E6O
ECH-ANT:BA,USN1,UOS1
ECH-COMP:BA,USN1,UOS14
ECH-HIS:BA,USN1,UOS1
ECH-POL:BA,USN1,UOS1
ECH-SOC:BA,USN1,UOS1
ECH-SPA:BA,USN1,UOS1
ECH/COMP:BA,USN1,UOS1
ECHILDSTUD:HNC,,
ECHILDSTUD:HND,USN1,UOS1
ECHILDSTUDSKC:HNC,USN1,UOS1
ECHIS:BA,USN1,UOS1
ECHIS:BA-P,USN1,UOS1
ECHIS:DIP,USN1,UOS1
ECHIS:MPH-R,R1,OS1
ECHIS:PHD-R,R1,OS1
ECOLENG:MSC-T,,
ECOLENG:PDIP-T,S1,OS1
ECOLOGY:MPH-R,R1,OS14
ECOLOGY:MSC-R,R1,OS14
ECOLOGY:PHD-R,R1,OS14
ECOM:HNC,,
ECOM:MA-T,,
ECOM:PDIP-T,,
ECON(CONV):MSC,E6H,E6O
ECON-ECH:BA,USN1,UOS1
ECON-FIN:MSC-T,E6H,E6O
ECON-FIN:PCRT-T,E6H,E6O
ECON-FIN:PGDIP,E6H,E6O
ECON-MANSC:BA,USN1,UOS1
ECON-OPT:BSC,USN1,UOS1
ECON-PHYS:BA,USN1,UOS1
ECON-POL-A:BA,USN1,UOS1
ECON-POL:BA,USN1,UOS1
ECON-POLIR:BA,USN1,UOS1
ECON-POLITICS:BA,USN1,UOS1
ECON-S:BSC,USN1,UOS1
ECON-SOCPOL:BA,USN1,UOS1
ECON-SPA:BA,USN1,UOS1
ECON/COMP-S:BSC,USN1,UOS1
ECON/COMP:BA,USN1,UOS1
ECON/COMP:BSC,USN1,UOS1
ECON/COMP:DIP,USN1,UOS1
ECON/COMPSOC:CERT,USN1,UOS1
ECON4:PHD-R,R1,OS1
ECON:BA,USN1,UOS1
ECON:BSC,USN1,UOS1
ECON:DIP,USN1,UOS1
ECON:MA-T,S1,OS1
ECON:MPH-R,R1,OS1
ECON:MSC-T,E6H,E6O
ECON:NQUAL-T,S1,OS1
ECON:PDIP-T,S1,OS1
ECON:PHD-R,R1,OS1
ECONANAL:DIP,USN1,UOS1
ECONECMET-S:BSC,USN1,UOS1
ECONECMET:BA,USN1,UOS1
ECONECMET:BSC,USN1,UOS1
ECONECMETRIC-S:BSC,USN1,UOS1
ECONGER-A:BA,USN1,UOS1
ECONLANG(FR):BA,USN1,UOS1
ECONLANG(FR):BSC,USN1,UOS1
ECONLANG(GER):BA,USN1,UOS1
ECONLANG(GER):BSC,USN1,UOS1
ECONLANG/FRE:BSC,USN1,UOS1
ECONLANG/GER:BSC,USN1,UOS1
ECONLANG/SPN:BSC,USN1,UOS1
ECONOMICS-S:BSC,USN1,UOS1
ECONSTAT:DIP,USN1,UOS1
ECSOCST:MSC-T,S1,OS1
ECSOCST:PDIP-T,S1,OS1
EDUCAT:BA,,
EDUCAT:CERT,,
EECINT:MA-T,S1,OS1
EECINT:MSC-T,S1,OS1
EECINT:NQUAL-T,S1,OS1
EECINT:PDIP-T,S1,OS1
EEENG:HNC,,
EEENGNQF:HNC,,
EEENGNQF:HND,UXN6,
EIGHTEEN(PARIS):MA-T,E3H,E3O
EIGHTEEN:MA-T,S1,OS1
EIGHTEEN:PDIP-T,S1,OS1
ELA(CLASARCST):BA,USN1,UOS1
ELA(CLS):BA,USN1,UOS1
ELA(CLS):DIP,USN1,UOS1
ELA(COMPLIT):BA,USN1,UOS1
ELA(EAMLIT):BA,USN1,UOS1
ELA(FRE)-A:BA,USN1,UOS1
ELA(FRE):BA,USN1,UOS1
ELA(HIS):BA,USN1,UOS1
ELA(LING):BA,USN1,UOS1
ELA(PHIL):BA,USN1,UOS1
ELA(POLITICS):BA,USN1,UOS1
ELA:DIP,USN1,UOS1
ELANG-EURST-A:BA,USN1,UOS1
ELANG-FILM:BA,USN1,UOS1
ELANG-FRE-A:BA,USN1,UOS1
ELANG-GER-A:BA,USN1,UOS1
ELANG-GER:BA,USN1,UOS1
ELANG-HIS:BA,USN1,UOS1
ELANG-HTA:BA,USN1,UOS1
ELANG-ITAL-A:BA,USN1,UOS1
ELANG-LING:BA,USN1,UOS1
ELANG-PHIL:BA,USN1,UOS1
ELANG-SPA:BA,USN1,UOS1
ELANG-SPN-A:BA,USN1,UOS1
ELANG-THRS:BA,USN1,UOS1
ELCOMENG-F-4:BENG,USN1,UOS1
ELCOMENG-S:BENG,USN1,UOS14
ELCOMENG-S:MENG,USN1,UOS14
ELCOMENG:BENG,USN1,UOS14
ELCOMENG:CERT,USN1,UOS14
ELCOMENG:DIP,USN1,UOS14
ELCOMENG:MENG,USN1,UOS14
ELD:CRDT,USN1,UOS1
ELEC(C):HND,USN1,UOS14
ELEC-4:MENG,USN1,UOS14
ELEC-A:MENG,USN1,UOS14
ELEC-F-4:BENG,USN1,UOS14
ELEC/MANSC:BENG,USN1,UOS14
ELEC/MANU:BENG-P,,
ELEC:BENG,USN1,UOS14
ELEC:CRDT,R1,OS14
ELEC:DIP,USN1,UOS14
ELEC:MPH-R,R1,OS14
ELEC:MSC-R,R1,OS14
ELEC:NQUAL-R,R1,OS14
ELEC:PDIP-R,R1,OS14
ELEC:PHD-R,R1,OS14
ELECEENG:HNC,,
ELECEENG:HND,,
ELECENG-90:FDENG,,
ELECENG:FDENG,,
ELECENG:HNC,,
ELECENG:HND,,
ELECMED-4:MENG,USN1,UOS14
ELECMED-A:MENG,USN1,UOS14
ELECMED:BENG,USN1,UOS14
ELECMED:BENG-P,USN1,UOS14
ELECMED:DIP,USN1,UOS14
ELECO-A:MENG,USN1,UOS14
ELECOMPSYST-F:FDENG,USN1,UOS14
ELECOMPSYST:BENG,USN1,UOS14
ELECOMPSYST:CRDT,USN1,UOS14
ELECOS-A:MENG,USN1,UOS14
ELECSE-4:MENG,USN1,UOS14
ELECSE-A:MENG,USN1,UOS14
ELECSE:BENG,USN1,UOS14
ELECSE:DIP,USN1,UOS14
ELECSYSENG:MSC-T,S1,OS14
ELECSYSENG:PDIP-T,S1,OS14
ELECTRICAL(120):HNC,,
ELECTRICALENG:HNC,,
ELECTRONIC(120):HNC,,
ELECTRONICE-90:FDENG,,
ELECTRONICENG:FDENG,,
ELECTRONICENG:HNC,,
ELL-A,USN1,UOS1
ELL-FIL:BA,USN1,UOS1
ELL:BA,USN1,UOS1
ELL:DIP,USN1,UOS1
ELS(CLS):BA,USN1,UOS1
ELS(COMPLIT):BA,USN1,UOS1
EMANSBUS(FRE)-A:BSC,USN1,UOS1
EMANSBUS(GER)-A:BSC,USN1,UOS1
EMANSBUS(IT)-A:BSC,USN1,UOS1
EMANSBUS(SPN)-A:BSC,USN1,UOS1
EMANSCBUSADMIN-A:BSC,USN1,UOS1
EMBSYS-INST:PDIP-T,S1,OS14
EMBSYSINST:MSC-T,S1,OS14
EMPREL-ACC:BA,USN1,UOS1
EMPREL-ACC:DIP,USN1,UOS1
EMPREL-ECON:BA,USN1,UOS1
EMPREL-ECON:DIP,USN1,UOS1
EMPREL-LAW:BA,USN1,UOS1
EMPREL-LAW:DIP,USN1,UOS1
EMPREL-POLITICS:BA,USN1,UOS1
EMPREL-POLITICS:DIP,USN1,UOS1
EMPREL-S:BA,USN1,UOS1
EMPREL-SOC:BA,USN1,UOS1
EMPREL-SOC:DIP,USN1,UOS1
EMPREL-SOCPOL:BA,USN1,UOS1
EMPREL-SOCPOL:DIP,USN1,UOS1
EMPREL-SPSY:BA,USN1,UOS1
EMPREL-SPSY:DIP,USN1,UOS1
EMPREL:BA,USN1,UOS1
EMPREL:DIP,USN1,UOS1
EMS/COMP(FRE)-A:BSC,USN1,UOS1
EMS/COMP(FRE)-A:MMSC,USN1,UOS1
EMS/COMP(GER)-A:BSC,USN1,UOS1
EMS/COMP(GER)-A:MMSC,USN1,UOS1
EMS/COMP(IT)-A:BSC,USN1,UOS1
EMS/COMP(IT)-A:MMSC,USN1,UOS1
EMS/COMP(SPN)-A:BSC,USN1,UOS1
EMS/COMP(SPN)-A:MMSC,USN1,UOS1
EMS/COMP-A:BSC,USN1,UOS1
EMS/COMP-A:MMSC,USN1,UOS1
ENG-AMLIT-A:BA,USN1,UOS1
ENG-AMLIT:BA,USN1,UOS1
ENG-AMLIT:DIP,USN1,UOS1
ENG-EURST-A:BA,USN1,UOS1
ENG-FILM:BA,USN1,UOS1
ENG-FRE-A:BA,USN1,UOS1
ENG-FRE:BA,USN1,UOS1
ENG-FRE:DIP,USN1,UOS1
ENG-GER-A:BA,USN1,UOS1
ENG-GER:BA,USN1,UOS1
ENG-GER:DIP,USN1,UOS1
ENG-HIS:BA,USN1,UOS1
ENG-HOS:BA,USN1,UOS1
ENG-HPA:BA,USN1,UOS1
ENG-HTA:BA,USN1,UOS1
ENG-HTA:DIP,USN1,UOS1
ENG-IT:DIP,USN1,UOS1
ENG-ITAL-A:BA,USN1,UOS1
ENG-LING:BA,USN1,UOS1
ENG-LING:DIP,USN1,UOS1
ENG-PHIL:BA,USN1,UOS1
ENG-POLIR:BA,USN1,UOS1
ENG-SOC:BA,USN1,UOS1
ENG-SPA:BA,USN1,UOS1
ENG-SPN-A:BA,USN1,UOS1
ENG-SPN:BA,USN1,UOS1
ENG-SPN:DIP,USN1,UOS1
ENG-THRS:BA,USN1,UOS1
ENG:BA,USN1,UOS1
ENG:CRDT,R1,OS1
ENG:MA-R,R1,OS1
ENG:MA-T,S1,OS1
ENG:MPH-R,R1,OS1
ENG:NQUAL-R,R1,OS1
ENG:PDIP-T,S1,OS1
ENG:PHD-R,R1,OS1
ENGALITCW:BA,USN1,UOS1
ENGCLS:BA,USN1,UOS1
ENGCUL:BA,USN1,UOS1
ENGCUL:DIP,USN1,UOS1
ENGCULCLS:BA,USN1,UOS1
ENGCULFRE-A:BA,USN1,UOS1
ENGCULHIS:BA,USN1,UOS1
ENGCULLIT:BA,USN1,UOS1
ENGCULPHIL:BA,USN1,UOS1
ENGCULPOL:BA,USN1,UOS1
ENGEAMLIT:BA,USN1,UOS1
ENGELANG:BA,USN1,UOS1
ENGELANG:DIP,USN1,UOS1
ENGFIN:MSC-T,S1,OS14
ENGFIN:PDIP-T,S1,OS14
ENGFRE:BA,USN1,UOS1
ENGFRELAW-A:LLB,USN1,UOS1
ENGFRELAW:CERT,USN1,UOS1
ENGFRELAW:DIP,USN1,UOS1
ENGGERLAW-A:LLB,USN1,UOS1
ENGHIST:BA,USN1,UOS1
ENGIN(C):HND,USN1,UOS14
ENGIN(P&P):FDENG,,
ENGIN(P&P):HNC,,
ENGIN:HNC,,
ENGIN:HND,,
ENGINEERING:ENGD-R,R1,OS14
ENGINEERING:MPH-R,R1,OS14
ENGINEERING:MSC-R,R1,OS14
ENGINEERING:MSC-T,S1,OS14
ENGINELECPT:HND,USN1,UOS14
ENGINP&P:HNC,,
ENGITALLAW-A:BA,USN1,UOS1
ENGITALLAW-A:LLB,USN1,UOS1
ENGL-EPCOL:BA,USN1,UOS1
ENGLAW(FRE):CERT,USN1,UOS1
ENGLAW(FRE):DIP,USN1,UOS1
ENGLAW(GER):CERT,USN1,UOS1
ENGLAW(GER):DIP,USN1,UOS1
ENGLAW(ITAL):CERT,USN1,UOS1
ENGLAW(ITAL):DIP,USN1,UOS1
ENGLAW(SPN):CERT,USN1,UOS1
ENGLAW(SPN):DIP,USN1,UOS1
ENGLAW:DIP,USN1,UOS1
ENGLING:BA,USN1,UOS1
ENGLIT-ELANG:DIP,USN1,UOS1
ENGLIT-FILM:DIP,USN1,UOS1
ENGLIT-HPA:BA,USN1,UOS1
ENGLIT-HTA:BA,USN1,UOS1
ENGLIT:BA,USN1,UOS1
ENGLIT:TDIP,USN1,UOS1
ENGLITCUL:MA-T,S1,OS1
ENGLITCUL:NQUAL-T,S1,OS1
ENGLITCUL:PDIP-T,S1,OS1
ENGLITCW:BA,USN1,UOS1
ENGLITPLACE:MA-T,S1,OS1
ENGLITPLACE:NQUAL-T,S1,OS1
ENGLITPLACE:PDIP-T,S1,OS1
ENGMOD:MA-T,S1,OS1
ENGMOD:PDIP-T,S1,OS1
ENGPHIL:BA,USN1,UOS1
ENGPOL:BA,USN1,UOS1
ENGPOSTCOL:BA,USN1,UOS1
ENGRSH:MA-T,S1,OS1
ENGRSN:MSC-T,S1,OS1
ENGRSS:MA-T,S1,OS1
ENGRST:MSC-T,S1,OS1
ENGSPNLAW-A:LLB,USN1,UOS1
ENGST:BA,USN1,UOS1
ENGSTUD:BA,USN1,UOS1
ENGTHEORY:MA-T,S1,OS1
ENGTHEORY:NQUAL-T,S1,OS1
ENGTHEORY:PDIP-T,S1,OS1
ENVANTH:MA-R,R1,OS1
ENVANTH:MA-T,S1,OS1
ENVANTH:MPH-R,R1,OS1
ENVANTH:MPH-T,P5,OS4
ENVANTH:MSC-T,P15,OS14
ENVANTH:NQUAL-T,P5,OS4
ENVANTH:PDIP-T,P5,OS4
ENVANTH:PHD-R,R1,OS1
ENVCON:HNC,,
ENVIROSTUD-S:BA,USN1,UOS1
ENVIROSTUD:BA,USN1,UOS1
ENVLCON:MPH-R,R1,OS1
ENVLCON:PHD-R,R1,OS1
ENVLPOLC:LLM-T,S1,OS1
ENVSOCSCI:BA,USN1,UOS1
ENVSOCSCI:MPH-R,R1,OS1
ENVSOCSCI:MSC-R,R1,OS1
ENVSOCSCI:MSC-T,S1,OS1
ENVSOCSCI:PDIP-T,S1,OS1
ENVSOCSCI:PHD-R,R1,OS1
EPCOL-ES-A:BA,USN1,UOS1
EPCOL-FLM:BA,USN1,UOS1
EPCOL-FRE-A:BA,USN1,UOS1
EPCOL-GER-A:BA,USN1,UOS1
EPCOL-HIS:BA,USN1,UOS1
EPCOL-HOS:BA,USN1,UOS1
EPCOL-HTA:BA,USN1,UOS1
EPCOL-ITAL-A:BA,USN1,UOS1
EPCOL-LING:BA,USN1,UOS1
EPCOL-PHIL:BA,USN1,UOS1
EPCOL-SPN-A:BA,USN1,UOS1
EPCOL-THRS:BA,USN1,UOS1
EPOL:BA,USN1,UOS1
EQMAN:HNC,USN1,UOS1
EQMAN:HND,USN1,UOS1
ESTCOAST:MSC-T,S1,OS1
ESTCOAST:PDIP-T,S1,OS1
ETHEC:MA-T,S1,OS1
ETHEC:PDIP-T,S1,OS1
ETHNOBIOL:MPH-R,R1,OS1
ETHNOBIOL:MSC-R,R1,OS1
ETHNOBIOL:PHD-R,R1,OS1
ETHNOBOT:CRDT,P15,OS14
ETHNOBOT:MSC-T,P15,OS14
ETHNOBOT:NQUAL-T,P15,OS14
ETHNOBOT:PDIP-T,P15,OS14
EURARTS(CIS)-A:BA,USN1,UOS1
EURARTS(FLM)-A:BA,USN1,UOS1
EURARTS(VPA)-A:BA,USN1,UOS1
EURARTS-A:BA,USN1,UOS1
EURARTSCA-A:BA,USN1,UOS1
EURARTSCIS-A:BA,USN1,UOS1
EURARTSFLM-A:BA,USN1,UOS1
EURARTSHPA-A:BA,USN1,UOS1
EURARTSHTA-A:BA,USN1,UOS1
EURARTSVPA-A:BA,USN1,UOS1
EURBUS/MATHS-A:BSC,USN1,UOS1
EURBUS/MATHS-A:MMTHS,USN1,UOS1
EURBUSANALYTIC-A:BSC,USN1,UOS1
EURCLS:MA-T,S1,OS1
EURCLS:NQUAL,S1,OS1
EURCLS:NQUAL-T,S1,OS1
EURCLS:PDIP-T,S1,OS1
EURCOMPSCI-A:BSC,USN1,UOS14
EURCOMPSCI-A:MCOMP,USN1,UOS14
EURCULLANG:DIP,USN1,UOS1
EURECON-A:BA,USN1,UOS1
EURECON-A:BSC,USN1,UOS1
EURECON:DIP,USN1,UOS1
EURECONFRE-A:BA,USN1,UOS1
EURECONFRE-A:BSC,USN1,UOS1
EURECONGER-A:BA,USN1,UOS1
EURECONGER-A:BSC,USN1,UOS1
EURECONSOC:CERT,USN1,UOS1
EURECONSPN-A:BA,USN1,UOS1
EURECONSPN-A:BSC,USN1,UOS1
EURELEC-A:MENG,USN1,UOS14
EURGEOG-A:BA,USN1,UOS1
EURLAW:CRDT,S1,OS1
EURLAW:LLM-T,S1,OS1
EURLAW:NQUAL-T,S1,OS1
EURLAW:PDIP-T,S1,OS1
EURLEGST-A:LLB,USN1,UOS1
EURLEGST:DIP,USN1,UOS1
EURMAN(FRE)-A:BBA,USN1,UOS1
EURMAN(GER)-A:BBA,USN1,UOS1
EURMAN(IT)-A:BBA,USN1,UOS1
EURMAN(SPN)-A:BBA,USN1,UOS1
EURMAN-A:BBA,USN1,UOS1
EURMANSC(FRE)-A:BSC,USN1,UOS1
EURMANSC(FRE)-A:MMSC,USN1,UOS1
EURMANSC(GER)-A:BSC,USN1,UOS1
EURMANSC(GER)-A:MMSC,USN1,UOS1
EURMANSC(IT)-A:MMSC,USN1,UOS1
EURMANSC(SPN)-A:BSC,USN1,UOS1
EURMANSC(SPN)-A:MMSC,USN1,UOS1
EURMANSC:DIP,USN1,UOS1
EURMANSCI(FRE)-A:BSC,USN1,UOS1
EURMANSCI(GER)-A:BSC,USN1,UOS1
EURMANSCI(IT)-A:BSC,USN1,UOS1
EURMANSCI(SPN)-A:BSC,USN1,UOS1
EURMATHS-A:BSC,USN1,UOS1
EURMATHS-A:MMTHS,USN1,UOS1
EUROEC(FR)ECON-A:BSC,USN1,UOS1
EUROECOECON-A:BSC,USN1,UOS1
EUROGLOGOV2-S:MA-T,E7H,E7O
EUROGLOGOV2:MA-T,E7H,E7O
EUROGLOGOV:MA-T,S1,OS1
EUROGLOGOV:PDIP-T,E7H,E7O
EUROGOV2:MA-T,E7H,E7O
EUROGOV:MA-T,S1,OS1
EUROGOVINT-A:MA-T,S1,OS1
EUROGOVINTN-S:MA-T,E7H,E7O
EUROHIS-A:BA,USN1,UOS1
EUROINT:MA-T,S1,OS1
EURPDS:MA-T,S1,OS1
EURPDS:PDIP-T,S1,OS1
EURPDSN:MA-T,S1,OS1
EURPDSN:PDIP-T,S1,OS1
EURPOLFIN-A:BA,USN1,UOS1
EURPOLFRE-A:BA,USN1,UOS1
EURPOLGER-A:BA,USN1,UOS1
EURPOLITAL-A:BA,USN1,UOS1
EURPUBPOL:MA-T,BRU03,BRU03
EURSPSY-A:BA,USN1,UOS14
EURSPSY-A:BSC,USN1,UOS1
EURST(SS)-A:BA,USN1,UOS1
EURST-A:BA,USN1,UOS1
EURST-ECH(FRE)-A:BA,USN1,UOS1
EURST-ECH-A:BA,USN1,UOS1
EURST-ECON(DEN)-A:BA,USN1,UOS1
EURST-ECON(FRE)-A:BA,USN1,UOS1
EURST-ECON(GER)-A:BA,USN1,UOS1
EURST-ECON(IT)-A:BA,USN1,UOS1
EURST-ECON(SPN)-A:BA,USN1,UOS1
EURST-ECON-A:BA,USN1,UOS1
EURST-FILM-A:BA,USN1,UOS1
EURST-HIS-A:BA,USN1,UOS1
EURST-LING-A:BA,USN1,UOS1
EURST-PHIL-A:BA,USN1,UOS1
EURST-POL(FRE)-A:BA,USN1,UOS1
EURST-POL(GER)-A:BA,USN1,UOS1
EURST-POL(ITAL)-A:BA,USN1,UOS1
EURST-POL(SPN)-A:BA,USN1,UOS1
EURST-POL-A:BA,USN1,UOS1
EURST-SOC(FRE)-A:BA,USN1,UOS1
EURST-SOC(GER)-A:BA,USN1,UOS1
EURST-SOC(ITAL)-A:BA,USN1,UOS1
EURST-SOC(SPN)-A:BA,USN1,UOS1
EURST-SOC-A:BA,USN1,UOS1
EURST-SOCPOL-A:BA,USN1,UOS1
EURST-SPA(FRE)-A:BA,USN1,UOS1
EURST-SPA(GER)-A:BA,USN1,UOS1
EURST-SPA(ITAL)-A:BA,USN1,UOS1
EURST-SPA(SPN)-A:BA,USN1,UOS1
EURST-SPA-A:BA,USN1,UOS1
EURST-THRS-A:BA,USN1,UOS1
EURST:DIP,USN1,UOS1
EURST:MA-R,R1,OS1
EURST:MPH-R,R1,OS1
EURST:NQUAL-R,R1,OS1
EURST:PHD-R,R1,OS1
EURSTCOM(FG)-A:BA,USN1,UOS1
EURSTCOM(FI)-A:BA,USN1,UOS1
EURSTCOM(FS)-A:BA,USN1,UOS1
EURSTCOM(GI)-A:BA,USN1,UOS1
EURSTCOM(GS)-A:BA,USN1,UOS1
EURSTCOM(IS)-A:BA,USN1,UOS1
EURSTCOM-A:BA,USN1,UOS1
EURSTFRE-A:BA,USN1,UOS1
EURSTFRE:BA,USN1,UOS1
EURSTGER-A:BA,USN1,UOS1
EURSTHIS(FRE)-A:BA,USN1,UOS1
EURSTHIS(GER)-A:BA,USN1,UOS1
EURSTHIS(ITAL)-A:BA,USN1,UOS1
EURSTHIS(SPN)-A:BA,USN1,UOS1
EURSTHIS-A:BA,USN1,UOS1
EURSTITAL-A:BA,USN1,UOS1
EURSTITAL:BA,USN1,UOS1
EURSTS(FRE)-A:BA,USN1,UOS1
EURSTS(GER)-A:BA,USN1,UOS1
EURSTS(SI)-A:BA,USN1,UOS1
EURSTS:MPH-R,R1,OS1
EURSTS:PHD-R,R1,OS1
EURSTSPN-A:BA,USN1,UOS1
EURSTSPN:BA,USN1,UOS1
EURTHEATRE:MA-T,S1,OS14
EURTHEATRE:PDIP-T,S1,OS14
EUSTUD(FR)-A:BA,USN1,UOS1
EUSTUD(SI)-A:BA,USN1,UOS1
EUSTUDCOM-A:BA,USN1,UOS1
EVENT:BA,USN1,UOS14
EVOLHUMBEH:MSC-T,S1,OS14
FACMGT:HND,UXN2,
FASHTEX(WKC):BA,UXN8H,UXN8O
FASHTEX:BA,UXN8H,UXN8O
FASHTEX:FDA,UXN6,
FASHTEX:HNC,,
FEMLES:LLM-R,R1,OS1
FFR(C):HND,UXN2,
FFR(R):HND,UXN2,
FFR:HND,UXN6,
FIL-A:BA,USN1,UOS14
FIL-FRE-A:BA,USN1,UOS1
FIL-HIS:BA,USN1,UOS1
FIL-ITAL-A:BA,USN1,UOS1
FIL-PHIL:BA,USN1,UOS1
FIL-S:BA,USN1,UOS14
FIL-SPN-A:BA,USN1,UOS1
FIL:BA,USN1,UOS14
FILM(PARIS):MA-T,E3H,E3O
FILM(PARIS):PDIP-T,E3H,E3O
FILM-A:BA,USN1,UOS14
FILM-ACS:BA,USN1,UOS1
FILM-CLS:BA,USN1,UOS1
FILM-FRE-A:BA,USN1,UOS1
FILM-FRE:BA,USN1,UOS1
FILM-GER-A:BA,USN1,UOS1
FILM-GER:BA,USN1,UOS1
FILM-HIS:BA,USN1,UOS1
FILM-HPA-A:BA,USN1,UOS1
FILM-HPA:BA,USN1,UOS1
FILM-HPA:CERT,USN1,UOS1
FILM-HPA:DIP,USN1,UOS1
FILM-HTA:BA,USN1,UOS1
FILM-HTA:CERT,USN1,UOS1
FILM-HTA:DIP,USN1,UOS1
FILM-ITAL-A:BA,USN1,UOS1
FILM-LING:BA,USN1,UOS1
FILM-OPT:BA,USN1,UOS14
FILM-PHIL-A:BA,USN1,UOS1
FILM-PHIL:BA,USN1,UOS1
FILM-PHIL:CERT,USN1,UOS1
FILM-PHIL:DIP,USN1,UOS1
FILM-POL:BA,USN1,UOS1
FILM-RS:BA,USN1,UOS1
FILM-S:BA,USN1,UOS14
FILM-SPN:BA,USN1,UOS1
FILM-THRS:BA,USN1,UOS1
FILM:BA,USN1,UOS14
FILM:CERT,USN1,UOS1
FILM:CRDT,S1,OS1
FILM:DIP,USN1,UOS14
FILM:MA-R,R1,OS1
FILM:MA-T,S1,OS1
FILM:MPH-R,R1,OS1
FILM:PDIP-R,R1,OS1
FILM:PDIP-T,S1,OS1
FILM:PHD-R,R1,OS1
FILMCULTSTUD:BA,USN1,UOS1
FILMCULTSTUD:CERT,USN1,UOS1
FILMCULTSTUD:DIP,USN1,UOS1
FILMPRAC:MA-R,R1,OS1
FILMPRAC:MA-T,E3H,E3O
FILMPRAC:MPH-R,R1,OS1
FILMPRAC:PHD-R,E3H,E3O
FILTA:BA,USN1,UOS14
FINANCE:MPH-R,R1,OS1
FINANCE:MSC-T,P18,OS13
FINANCE:PHD-R,R1,OS1
FINANCEMKT:MSC-T,P18,OS13
FINART(NQF):HND,UXN6,
FINART(TON):BA,,
FINART:BA,UXN8H,UXN8O
FINART:HNC,,
FINART:HND,UXN6,
FINARTPRAC:FDA,,
FINEART-A:BA,USN1,UOS14
FINEART:BA,,
FINEART:MA-T,S1,OS1
FINEART:PCRT-T,S1,OS1
FINEART:PDIP-T,S1,OS1
FINEART:PHD-R,R1,OS14
FINECON-S:BSC,USN1,UOS1
FINECON:BSC,USN1,UOS1
FINECONECMENT:PCRT-T,S1,OS1
FINECONECMENT:PDIP-T,S1,OS1
FINECONECMET-S:BSC,USN1,UOS1
FINECONECMET:BSC,USN1,UOS1
FINECONECMET:MSC-T,S1,OS1
FINIR:MSC-T,P18,OS13
FINIR:PCRT-T,P18,OS13
FINIR:PDIP-T,P18,OS13
FINMATHS-S:BSC,USN1,UOS1
FINMATHS:BSC,USN1,UOS1
FINMATHS:BSC-P,USN1,UOS1
FINMATHS:CERT,USN1,UOS1
FINMKT(HKBU):MSC-T,S1,OS1
FINMKT(HKBU):PCRT-T,S1,OS1
FINMKT(HKBU):PDIP-T,S1,OS1
FINSERVBNK:MSC-T,P18,OS13
FLART:MA-T,S1,OS1
FLART:NQUAL-T,S1,OS1
FLART:PDIP-T,S1,OS1
FLM-SPA:BA,USN1,UOS1
FLM-SPN-A:BA,USN1,UOS1
FOODCHMGT:MSC,E5H,E5O
FOPSY:MPH-R,R1,OS1
FOPSY:MSC-R,R1,OS1
FOPSY:MSC-T,P8,OS1
FOPSY:PDIP-T,S1,OS1
FOPSY:PHD-R,R1,OS1
FORENSIC-F-4:BSC,USN1,UOS14
FORENSIC-S:BSC,USN1,UOS14
FORENSIC/BIOL:BSC,USN1,UOS14
FORENSIC/CHEM:BSC,USN1,UOS14
FORENSIC/CHEM:MSCI,USN1,UOS14
FORENSIC:BSC,USN1,UOS14
FORENSIC:CERT,USN1,UOS14
FORENSIC:DIP,USN1,UOS14
FORENSIC:GDIP-T,USN1,UOS14
FORENSIC:MSC-T,S1,OS14
FORENSIC:MSCI,USN1,UOS14
FORENSICCHEM-S:BSC,USN1,UOS14
FORSCINH:BSC-P,USN1,UOS14
FOUNDBIO(BIO):CRDT,USN1,UXN14
FOUNDBIO(MEDCH):CRDT,USN1,UXN14
FOUNDBIO(SPORT):CRDT,USN1,UXN14
FOUNDBIOSCI-F-4:BSC,USN1,UXN14
FOUNDCOMP(ITW):CRDT,USN1,UXN14
FOUNDCOMPSCI-F-4:BA,USN1,UXN14
FOUNDELEC(EENG):CRDT,USN1,UXN14
FOUNDELECENG-F-4:BA,USN1,UXN14
FOUNDH(ARCAR):CRDT,USN1,UXN14
FOUNDH(ELL):CRDT,USN1,UXN14
FOUNDH(HUMS):CRDT,USN1,UXN14
FOUNDH(PHRSHPA):CRDT,USN1,UXN14
FOUNDH-F-4:BA,USN1,UOS1
FOUNDS(ABJAN):CRDT,USN1,UXN14
FOUNDS(ABUS):CRDT,USN1,UXN14
FOUNDS(ACCECO):CRDT,USN1,UXN14
FOUNDS(JANOTH):CRDT,USN1,UXN14
FOUNDS(LAW):CRDT,USN1,UXN14
FOUNDS(POLIR):CRDT,USN1,UXN14
FOUNDS(PSYCH):CRDT,USN1,UXN14
FOUNDS(SOCCRCU):CRDT,USN1,UXN14
FOUNDS(SOCSCI):CRDT,USN1,UXN14
FOUNDS-F-4(JAN):BA,USN1,UXN14
FOUNDS-F-4:BA,USN1,UOS1
FOUNDS-F-4:CRDT,USN1,UXN14
FRACS:BA,USN1,UOS1
FRBRACC:BA,USN1,UOS1
FRE(1)-A:BA,USN1,UOS1
FRE(2)-A:BA,USN1,UOS1
FRE(5):BA,USN1,UOS1
FRE(DEF):BA,USN1,UOS1
FRE(DEUG)-A:BA,USN1,UOS1
FRE-BUSADMIN-A:BA,USN1,UOS1
FRE-BUSADMIN:BA,USN1,UOS1
FRE-CLS(PARIS):MA-T,E3H,E3O
FRE-CLS:MA-T,S1,OS1
FRE-CLS:PDIP-T,S1,OS1
FRE-ELL-A:BA,USN1,UOS1
FRE-GER-A:BA,USN1,UOS1
FRE-GER:BA,USN1,UOS1
FRE-HIS-A:BA,USN1,UOS1
FRE-HIS:BA,USN1,UOS1
FRE-HOS-A:BA,USN1,UOS1
FRE-HPA-A:BA,USN1,UOS1
FRE-HTA-A:BA,USN1,UOS1
FRE-ITAL-A:BA,USN1,UOS1
FRE-ITAL:BA,USN1,UOS1
FRE-LAT-A:BA,USN1,UOS1
FRE-LING-A:BA,USN1,UOS1
FRE-OPT-A:BA,USN1,UOS1
FRE-PHIL-A:BA,USN1,UOS1
FRE-PHIL:BA,USN1,UOS1
FRE-PHIL:DIP,USN1,UOS1
FRE-RS-A:BA,USN1,UOS1
FRE-RS:BA,USN1,UOS1
FRE-SPN-A:BA,USN1,UOS1
FRE-SPN:BA,USN1,UOS1
FRE-SPN:DIP,USN1,UOS1
FRE-THRS-A:BA,USN1,UOS1
FRE/CULTSTUD-A:BA,USN1,UOS1
FRE/ECULT-A:BA,USN1,UOS1
FRE:BA,USN1,UOS1
FRE:CRDT,R1,OS1
FRE:DIP,USN1,UOS1
FRE:MA-R,R1,OS1
FRE:MPH-R,R1,OS1
FRE:NQUAL-R,R1,OS1
FRE:PHD-R,R1,OS1
FUTCOMP-I:MSC-T,S1,OS14
FUTCOMP-S-I:MSC-T,S1,OS14
FUTCOMP-S:MSC-T,S1,OS14
FUTCOMP:MSC-T,S1,OS14
FUTCOMP:PCRT-T,S1,OS14
FUTCOMP:PDIP-T,S1,OS14
GEN:MPH-R,R1,OS14
GEN:MSC-R,R1,OS14
GEN:PHD-R,R1,OS14
GENPRAC(COM):PCRT-T,,
GENPRAC(COM):PDIP-T,,
GENPRAC(HOS):PCRT-T,,
GENPRAC(HOS):PDIP-T,,
GENPRACPHARM:PDIP-T,,
GENPRACPHARM:PGCERT,,
GEOG:BA,USN1,UOS1
GEOG:DIP,USN1,UOS1
GEOGLANG(FRE):BA,USN1,UOS1
GEOGLANG(GER):BA,USN1,UOS1
GER-A:BA,USN1,UOS1
GER-BUSADMIN-A:BA,USN1,UOS1
GER-BUSADMIN:BA,USN1,UOS1
GER-BUSADMIN:DIP,USN1,UOS1
GER-CLS:MA-T,S1,OS1
GER-ELL-A:BA,USN1,UOS1
GER-HIS-A:BA,USN1,UOS1
GER-HIS:BA,USN1,UOS1
GER-HOS-A:BA,USN1,UOS1
GER-HPA-A:BA,USN1,UOS1
GER-HTA-A:BA,USN1,UOS1
GER-ITAL-A:BA,USN1,UOS1
GER-ITAL:BA,USN1,UOS1
GER-LING-A:BA,USN1,UOS1
GER-OPT-A:BA,USN1,UOS1
GER-PHIL-A:BA,USN1,UOS1
GER-RS-A:BA,USN1,UOS1
GER-SPN-A:BA,USN1,UOS1
GER-SPN:CERT,USN1,UOS1
GER-THRS-A:BA,USN1,UOS1
GER/CULTSTUD-A:BA,USN1,UOS1
GER/CULTSTUD:BA,USN1,UOS1
GER/ECULT-A:BA,USN1,UOS1
GER:DIP,USN1,UOS1
GER:MA-R,R1,OS1
GER:MPH-R,R1,OS1
GER:PHD-R,R1,OS1
GERCOMPLIT:PHD-R,R1,OS1
GERMAN:BA,USN1,UOS1
GERMAN:CERT,USN1,UOS1
GLOBALIZATION:MA-T,S1,OS1
GLOBALIZATION:PDIP-T,S1,OS1
GRAPHD:BA,UXN8H,UXN8O
GRAPHD:HNC,,
GRAPHD:HND,,
GRAPHDES:HND,UXN2,
GREEK:BA,USN1,UOS1
GRPPRO:MSC-T,S1,OS1
GRPPRO:NQUAL-T,S1,OS1
GRPPRO:PDIP-T,S1,OS1
GSK:CRDT,,
HART-CLA:BA,USN1,UOS1
HEALTH:MPH-R,R1,OS1
HEALTHCARE:BA,USN1,UOS1
HEALTHCARE:CERT,USN1,
HEALTHCARE:DIP,USN1,
HEALTHCARE:HND,UXN2,
HEALTHCAREP:BA,USN1,
HEALTHCAREP:FDA,USN1,
HEALTHPSY:MPH-R,R1,OS1
HEALTHPSY:MSC-R,R1,OS1
HEALTHPSY:PHD-R,R1,OS1
HEALTHSERRES:MA-T,S1,OS1
HEALTHSERRES:PGDIP-T,S1,OS1
HEALTHSOCARE:DIP,USN1,UOS1
HELLENIC:MA-T,S1,OS1
HELLENIC:PDIP,S1,OS1
HEPSY:MSC-T,S1,OS1
HEPSY:PDIP-T,S1,OS1
HERITAGE:BA,USN1,UOS1
HERITMAN:MA-T,,
HIGHED:CRDT,E10,E10
HIGHED:MA-T,E10,E10
HIGHED:NQUAL-T,S1,OS1
HIGHED:PCRT-T,E10,E10
HIGHED:PDIP-T,E10,E10
HIGHEDA:CRDT,E10,E10
HIGHEDA:PCRT-T,E10,E10
HIGHEDA:PDIP-T,E10,E10
HIGHEDH:CRDT,E10,E10
HIGHEDH:PCRT-T,E10,E10
HIGHEDH:PDIP-T,E10,E10
HIGHEDS:CRDT,E10,E10
HIGHEDS:PCRT-T,E10,E10
HIGHEDS:PDIP-T,E10,E10
HIS-A:BA,USN1,UOS1
HIS-ACS:BA,USN1,UOS1
HIS-ANT-A:BA,USN1,UOS1
HIS-ANT:BA,USN1,UOS1
HIS-ARCHST-A:BA,USN1,UOS1
HIS-ARCHST:BA,USN1,UOS1
HIS-ECH:BA,USN1,UOS1
HIS-ELL:BA,USN1,UOS1
HIS-HK-A:BA,USN1,UOS1
HIS-HOS:BA,USN1,UOS1
HIS-HPA-A:BA,USN1,UOS1
HIS-HPA:BA,USN1,UOS1
HIS-HTA:BA,USN1,UOS1
HIS-ITAL-A:BA,USN1,UOS1
HIS-LAW:BA,USN1,UOS1
HIS-LING:BA,USN1,UOS1
HIS-LING:DIP,USN1,UOS1
HIS-OPT:BA,USN1,UOS1
HIS-PHIL:BA,USN1,UOS1
HIS-POL:BA,USN1,UOS1
HIS-POLITICS-A:BA,USN1,UOS1
HIS-POLITICS:BA,USN1,UOS1
HIS-RS:BA,USN1,UOS1
HIS-SOC:DIP,USN1,UOS1
HIS-SOCBEV:BA,USN1,UOS1
HIS-SPA:BA,USN1,UOS1
HIS-SPN-A:BA,USN1,UOS1
HIS-SPN:BA,USN1,UOS1
HIS-THRS:BA,USN1,UOS1
HIS:BA,USN1,UOS1
HIS:MA-R,R1,OS1
HIS:MPH-R,R1,OS1
HIS:NQUAL-R,R1,OS1
HIS:PHD-R,R1,OS1
HISART:BA,USN1,UOS1
HISCSS:MA-R,R1,OS1
HISCSS:MA-T,S1,OS1
HISCSS:MPH-R,R1,OS1
HISCSS:PDIP-T,S1,OS1
HISCSS:PHD-R,R1,OS1
HISCST:MA-R,R1,OS1
HISCST:PHD-R,R1,OS1
HISHERIT:BA,USN1,UOS1
HISPA:BA,USN1,UOS1
HISPA:MA-R,R1,OS1
HISPA:MPH-R,R1,OS1
HISPA:PHD-R,R1,OS1
HISPANSTUD-A:BA,USN1,UOS1
HISPANSTUD-OPT-A:BA,USN1,UOS1
HISPANSTUD:BA,USN1,UOS1
HISSMET:MA-T,S1,OS1
HISSMET:PDIP,S1,OS1
HISSOC:MA-T,S1,OS1
HISTA:BA,USN1,UOS1
HLTHST:MA-T,S1,OS1
HLTHST:NQUAL-T,S1,OS1
HLTHST:PDIP-T,S1,OS1
HLTHSTR:MA-T,S1,OS1
HOS-ITAL-A:BA,USN1,UOS1
HOS-PHIL:BA,USN1,UOS1
HOS-RS:BA,USN1,UOS1
HOS-SPN-A:BA,USN1,UOS1
HOS-THRS:BA,USN1,UOS1
HOUS:HNC,,
HOUSING:HNC,,
HPA(PARIS):MA-T,E3H,E3O
HPA(ROME):MA-T,E3H,E3O
HPA-A:BA,USN1,UOS1
HPA-ITAL-A:BA,USN1,UOS1
HPA-PHIL:BA,USN1,UOS1
HPA-PHIL:DIP,USN1,UOS1
HPA-RS:BA,USN1,UOS1
HPA-SPN-A:BA,USN1,UOS1
HPA:BA,USN1,UOS1
HPA:MA-R,R1,OS1
HPA:MA-T,S1,OS1
HPA:MPH-R,R1,OS1
HPA:PHD-R,R1,OS1
HPS:PHD-R,R1,OS1
HPSRN:PHD-R,R1,OS1
HPSRT:MSC-R,R1,OS1
HPSS:MPH-R,R1,OS1
HPSS:PHD-R,R1,OS1
HREINTREL:MA-T,R1,OS1
HSCAREMGT:BA,UXN2,
HTA-ITAL-A:BA,USN1,UOS1
HTA-LING:BA,USN1,UOS1
HTA-PHIL:BA,USN1,UOS1
HTA-PHIL:DIP,USN1,UOS1
HTA-RS:BA,USN1,UOS1
HTA-SPN-A:BA,USN1,UOS1
HTA-THRS:BA,USN1,UOS1
HTA:BA,USN1,UOS1
HTA:MA-R,R1,OS1
HTA:MPH-R,R1,OS1
HTA:PHD-R,R1,OS1
HUMANSYS:CERT,USN1,UOS1
HUMRS:MSC-T,P18,OS13
HUMRT:MA-T,S1,OS1
HUMS(CLASARC):GDIP-T,UXN14,UXN14
HUMS(COMPLIT):GDIP-T,UXN14,UXN14
HUMS(ELL):GDIP-T,UXN14,UXN14
HUMS(FRE):GDIP-T,UXN14,UXN14
HUMS(GER):GDIP-T,UXN14,UXN14
HUMS(HISP):GDIP-T,UXN14,UXN14
HUMS(ITAL):GDIP-T,UXN14,UXN14
HUMS(PHIL):GDIP-T,UXN14,UXN14
HUMS(RS):GDIP-T,UXN14,UXN14
HUMS-F-4:BA,USN2,UXN14
HUMS:BA,USN1,UOS1
HUMS:DIP,USN1,UOS1
HUMS:GDIP-T,E36,E36
ICA(LC):MA-R,R1,OS1
ICA(LC):MA-T,S1,OS1
ICA(LC):PDIP-T,S1,OS1
ICA(LC)N:MA-T,S1,OS1
ICA(LC)N:PDIP-T,S1,OS1
ICA2:MA-T,E7H,E7O
ICA:CRDT,S1,OS1
ICA:MA-R,R1,OS1
ICA:MA-T,S1,OS1
ICA:MPH-R,R1,OS1
ICA:NQUAL-T,S1,OS1
ICA:PHD-R,,
ICADTC:PHD-R,R1,OS1
ICAN:MA-T,S1,OS1
ICAN:PCERT-T,BRU01,BRU01
ICAN:PDIP-T,S1,OS1
IDS:MPH-R,R1,OS1
IDS:PHD-R,R1,OS1
ILAW/INTREL2:LLM-T,BRU03,BRU03
ILAW/INTREL:PDIP-T,S1,OS1
IMAGEST:MA-T,S1,OS1
IMAGEST:NQUAL-T,S1,OS1
IMAGEST:PDIP-T,S1,OS1
INBUS-A:BA,USN1,UOS1
INCLAW:CRDT,S1,OS1
INCLAW:LLM-T,S1,OS1
INCLAW:PDIP-T,S1,OS1
INCLAWINTREL:LLM-T,S1,OS1
INCLAWPUBILAW:LLM-T,S1,OS1
INDACC:BA,USN1,UOS1
INDEC:BA,USN1,UOS1
INDECH:BA,USN1,UOS1
INDHRM-ECH:BA,USN1,UOS1
INDLAW:BA,USN1,UOS1
INDPM:BA,USN1,UOS1
INDPOL:BA,USN1,UOS1
INDREL-A:BA,USN1,UOS1
INDREL-ACC:BA,USN1,UOS1
INDREL-ECON:BA,USN1,UOS1
INDREL-LAW:BA,USN1,UOS1
INDREL-OPT:BA,USN1,UOS1
INDREL-POL:BA,USN1,UOS1
INDREL-POLITICS:BA,USN1,UOS1
INDREL-S:BA,USN1,UOS1
INDREL-SOC:BA,USN1,UOS1
INDREL-SOCPOL:BA,USN1,UOS1
INDREL-SPA-A:BA,USN1,UOS1
INDREL-SPA:BA,USN1,UOS1
INDREL-SPSY:BA,USN1,UOS1
INDREL:BA,USN1,UOS1
INDREL:CERT,USN1,UOS1
INDREL:DIP,USN1,UOS1
INDREL:MA-R,R1,OS1
INDREL:MPH-R,R1,OS1
INDREL:PHD-R,R1,OS1
INDRELD:DIP,USN1,UOS1
INDSOC:BA,USN1,UOS1
INDSP:BA,USN1,UOS1
INDSPA-A:BA,USN1,UOS1
INDSPA:BA,USN1,UOS1
INDSTUD:DIP,USN1,UOS1
INECL:LLM-T,S1,OS1
INECL:PDIP-T,S1,OS1
INET/MULTCOM:BENG,USN1,UOS14
INFDISEASES:MSC-T,S1,OS14
INFOCOMTEC:MSC-T,S1,OS14
INFOSEC-BIOME:PDIP-T,S1,OS14
INFOSEC-BIOMET:MSC-T,S1,OS14
INFOTEC(120):HNC,,
INFOTEC:HNC,,
INFOTEC:HND,,
INFOTECH(CON)-S:BSC,USN1,UOS14
INFOTECH(CON):BSC,USN1,UOS14
INFOTECH(SE)-S:BSC,USN1,UOS14
INFOTECH(SE):BSC,USN1,UOS14
INFOTECH(WEB)-S:BSC,USN1,UOS14
INFOTECH(WEB):BSC,USN1,UOS14
INFOTECH-F:FDSC,,
INFOTECH-S:BSC,,UOS14
INFOTECH-S:BSC-P,,UOS14
INFOTECH:BSC,,UOS14
INFOTECH:BSC-P,,UOS14
INFOTECH:CERT,UP4,
INTARCHITECT:BA,USN1,
INTBUS-A:BA,USN1,UOS1
INTBUS-A:BSC,USN1,OS1
INTBUS-S:BA,USN1,UOS1
INTBUS:BA,USN1,UOS1
INTBUS:BSC,USN1,OS1
INTBUS-S:BSC,USN1,OS1
INTDESIGN:BA,USN1,
INTDEVDIS:BSC,USN1,UOS1
INTDEVDIS:MA-R,R1,OS1
INTDEVDIS:MA-T,S1,OS1
INTDEVDIS:MPH-R,R1,OS1
INTDEVDIS:PCRT-T,E23H,E23O
INTDEVDIS:PGDIP-T,XXX4,XXX5
INTDEVDIS:PHD-R,R1,OS1
INTDEVDISDL:MA-T,E22AH,E19O
INTDEVDISDL:PCRT-T,E21H,E21O
INTDEVDISDL:PDIP-T,XXX8,E22O
INTDEVELOP2:MA-T,,
INTDEVELOP:MSC-T,S1,OS1
INTDEVELOP:PCRT-T,S1,OS1
INTDEVELOP:PDIP-T,S1,OS1
INTECONLAW2:LLM-T,S1,OS1
INTECONLAW:LLM-T,BRU03,BRU03
INTELCONSEC2:MA-T,BRU03,BRU03
INTELDEVDIS:BSC,USN1,UOS1
INTELDEVDIS:FDSC,USN1,UOS1
INTENVLAW:LLM-T,S1,OS1
INTENVLAW:PDIP-T,S1,OS1
INTERCULT:MA-T,,
INTERCULT:PDIP-T,,
INTERDESIGN:HNC,,
INTERIORS:BA,USN1,
INTFINDEV:MA-T,S1,OS1
INTFINDEV:MSC-T,E6H,E6O
INTFINDEV:PDIP-T,S1,OS1
INTLACCF:MSC-T,P18,OS13
INTLCONSEC:MA-T,BRU03,BRU03
INTLCONSEC:PDIP-T,S1,OS1
INTLCRIMJUST:LLM-T,S1,OS1
INTLCRIMJUST:PDIP-T,S1,OS1
INTLDEVELOP:MA-T,BRU03,BRU03
INTLDEVELOP:PDIP-T,S1,OS1
INTLEGALSTUD-A:LLB,USN1,UOS1
INTMEDIA:HND,UXN6,
INTMENHEAMIG:MA-T,S1,OS1
INTMENHEAMIG:NQUAL-T,,
INTMENHEAMIG:PDIP-T,S1,OS1
INTMGLAW:LLM-T,,
INTMGTMGTENG:GCERT,E16,
INTMGTMGTENG:GDIP,UXN14,UXN14
INTMIGRAT2:MA-T,BRU03,BRU03
INTMIGRAT:MA-T,BRU03,BRU03
INTMULMEDJOU:MA-T,S1,OS1
INTMULMEDJOU:PDIP-T,S1,OS1
INTREL(BS):MA-R,R1,OS1
INTREL(BS):MA-T,S1,OS1
INTREL(BS):MPH-R,R1,OS1
INTREL(BS):NQUAL-R,R1,OS1
INTREL(BS):PDIP-T,S1,OS1
INTREL(BS):PHD-R,BRU01,BRU01
INTREL(BS)N:MA-T,S1,OS1
INTREL(BS)N:PDIP-T,S1,OS1
INTREL(LC):MA-R,R1,OS1
INTREL(LC):MA-T,R1,OS1
INTREL(LC):MPH-R,R1,OS1
INTREL(LC):PDIP-T,S1,OS1
INTREL(LC):PHD-R,R1,OS1
INTREL(LC)N:MA-T,R1,OS1
INTREL(LC)N:PDIP-T,S1,OS1
INTREL-INTLAW2:MA-T,S1,OS1
INTREL-INTLAW:MA-T,S1,OS1
INTREL-INTLAW:PDIP-T,S1,OS1
INTREL:CRDT,S1,OS1
INTREL:MA-R,R1,OS1
INTREL:MA-T,BRU03,BRU03
INTREL:MPH-R,R1,OS1
INTREL:NQUAL-R,R1,OS1
INTREL:PDIP-T,S1,OS1
INTREL:PHD-R,R1,OS1
INTRELDTC:PHD-R,R1,OS1
INTRELFRE-A:BA,USN1,UOS1
INTRELGER-A:BA,USN1,UOS1
INTRELITAL-A:BA,USN1,UOS1
INTRELJAP-A:BA,USN1,UOS1
INTRELN2:MA-T,,
INTRELN:MA-T,,
INTRELN:PDIP-T,S1,OS1
INTRELNINT:MA-T,E7H,E7O
INTRELSPN-A:BA,USN1,UOS1
INTRELYRIT-A:BA,USN1,UOS1
INTSECPOLTERR2:MA-T,E7H,E7O
INTSECPOLTERR:PDIP-T,E7H,E7O
INTSECPOLTERROR:MA-T,S1,OS1
INTSOCPOL:MA-T,S1,OS1
INTSOCPOL:PDIP-T,S1,OS1
INTSOCPOLCIV:MA-T,S1,OS1
INTSOCPOLCIV:PDIP-T,S1,OS1
INTWILDCON:MSC-T,,
INTWILDCON:PDIP-T,S1,OS14
IPE:MA-T,BRU03,BRU03
IPEIR(LC):MA-T,S1,OS1
IPEIR(LC):PDIP-T,S1,OS1
IPEIR:MA-T,S1,OS1
IPEIR:PDIP-T,S1,OS1
IR-EURST(LC):MA-T,R1,OS1
IR-EURST(LC):NQUAL-R,R1,OS1
IR-EURST(LC):PDIP-T,R1,OS1
IR-EURST(LC)N:MA-T,R1,OS1
IR-EURST(LC)N:PDIP-T,R1,OS1
IR-EURST:MA-T,S1,OS1
IR-EURST:NQUAL-T,S1,OS1
IR-EURST:PDIP-T,S1,OS1
IR-EURSTN:MA-T,S1,OS1
IR-EURSTN:PDIP-T,S1,OS1
IRFIN-A:BA,USN1,UOS1
ISLAM:MA-R,R1,OS1
ISLAM:MA-T,S1,OS1
ISLAM:PHD-R,R1,OS1
ITAL-A:BA,USN1,UOS1
ITAL-BUSADMIN-A:BA,USN1,UOS1
ITAL-ELL-A:BA,USN1,UOS1
ITAL-LAT-A:BA,USN1,UOS1
ITAL-LING-A:BA,USN1,UOS1
ITAL-LING:DIP,USN1,UOS1
ITAL-PHIL-A:BA,USN1,UOS1
ITAL-PHIL:BA,USN1,UOS1
ITAL-RS-A:BA,USN1,UOS1
ITAL-SPN-A:BA,USN1,UOS1
ITAL-THRS-A:BA,USN1,UOS1
ITAL/CULTSTUD-A:BA,USN1,UOS1
ITAL/ECULT-A:BA,USN1,UOS1
ITAL:BA,USN1,UOS1
ITAL:DIP,USN1,UOS1
ITAL:MA-R,R1,OS1
ITAL:MPH-R,R1,OS1
ITAL:PHD-R,R1,OS1
ITALSTUD:BA,USN1,UOS1
ITCONSULT-I:MSC-T,S1,OS14
ITCONSULT-S-I:MSC-T,S1,OS14
ITCONSULT-S:MSC-T,S1,OS14
ITCONSULT:MSC-T,S1,OS14
JOURNALISM:BA,USN1,UOS1
JOURNALISM:MA-R,R1,OS1
JOURNALISM:MPH-R,R1,OS1
JOURNALISM:PHD-R,R1,OS1
LAW(MEDWAY):CERT,USE8,
LAW-ACCF-4:BA,USN1,UOS1
LAW-ACCF:CERT,USN1,UOS1
LAW-ACCF:DIP,USN1,UOS1
LAW-ANT:BA,USN1,UOS1
LAW-BUSADMIN:BA,USN1,UOS1
LAW-BUSADMIN:CERT,USN1,UOS1
LAW-BUSADMIN:DIP,USN1,UOS1
LAW-CRIM:BA,USN1,UOS1
LAW-CRIM:CERT,USN1,UOS1
LAW-CRIM:DIP,USN1,UOS1
LAW-ECON:BA,USN1,UOS1
LAW-ENGLIT:BA,USN1,UOS1
LAW-ERASMUS:LLM-T,S1,OS1
LAW-HIS:BA,USN1,UOS1
LAW-LEG:DIP,USN1,UOS1
LAW-OPT:BA,USN1,UOS1
LAW-PHIL:BA,USN1,UOS1
LAW-PHIL:PHD-R,R1,OS1
LAW-POL:BA,USN1,UOS1
LAW-SOC:BA,USN1,UOS1
LAW-WEL:BA,USN1,UOS1
LAW/BUSTUD:BA,USN1,UOS1
LAW/BUSTUDMKC:BA,USN1,UOS1
LAW/EURSTMKC:BA,USN1,UOS1
LAW/POLITICSMKC:BA,USN1,UOS1
LAW/PSY:BA,USN1,UOS1
LAW/PSYMKC:BA,USN1,UOS1
LAW/SOCSCIMKC:BA,USN1,UOS1
LAW:BA,USN1,UOS1
LAW:DIP,USN1,UOS1
LAW:LLB,USN1,UOS1
LAW:LLM-R,R1,OS1
LAW:LLM-T,S1,OS1
LAW:MPH-R,R1,OS1
LAW:NQUAL-R,R1,OS1
LAW:PCRT-T,S1,OS1
LAW:PDIP-R,R1,OS1
LAW:PDIP-T,S1,OS1
LAW:PHD-R,,
LAWCHINA-A:LLB,USN1,UOS1
LAWFRELANG-A:LLB,USN1,UOS1
LAWHONGKONG-A:LLB,USN1,UOS1
LAWLANG(FRE):LLB,USN1,UOS1
LAWLANG(GER):BA,USN1,UOS1
LAWLANG(GER):LLB,USN1,UOS1
LAWLANG(SPN):LLB,USN1,UOS1
LAWSC:TDIP,USN1,UOS1
LEADINGEDGE:CRDT,,
LEADIS:MA-R,R1,OS1
LEADIS:MPH-R,R1,OS1
LEADIS:PHD-R,R1,OS1
LEGALSTUD:HNC,,
LEGALSTUD:HND,USN1,UOS1
LEISURE(E):HNC,,
LEISURE(E):HND,USN1,UOS1
LEISURE(S&R):HNC,,
LEISURE(S&R):HND,UXN2,
LEISURE:HND,USN1,UOS1
LIBARTS-A:BA,USN1,UOS1
LIBARTS:CERT,USN1,UOS1
LIBARTS:DIP,USN1,UOS1
LIFELONGLEARN:FDA,,
LIFELONGLEARNP1:CRDT,,
LIFELONGLEARNP2:CRDT,,
LIFELONGLEARNP3:CRDT,,
LIFELONGLEARNP4:CRDT,,
LIFELONGLEARNP5:CRDT,,
LIFELONGLEARNP6:CRDT,,
LIFESCITECH:DIPHE,USN1,UOS1
LIFESCITECH:FDSC,,
LING-CLA:BA,USN1,UOS1
LING-PHIL:BA,USN1,UOS1
LING-SPN-A:BA,USN1,UOS1
LING-THRS:BA,USN1,UOS1
LING:DIP,USN1,UOS1
LINGUISTICS:MA-R,R1,OS1
LINGUISTICS:MA-T,S1,OS1
LINGUISTICS:MPH-R,R1,OS1
LINGUISTICS:PDIP-T,S1,OS1
LINGUISTICS:PHD-R,R1,OS1
LOGISTICS:MSC-T,P18,OS13
LSUPSN:CERT,,
LSUPSN:DIP,,
MAN4:PHD-R,R1,OS1
MAN:MA-R,R1,OS1
MAN:MA-T,S1,OS1
MAN:MPH-R,R1,OS1
MAN:PHD-R,R1,OS1
MANACCF:MSC-T,P18,OS13
MANACCF:PDIP-T,P18,OS13
MANAGEMENT:CRDT,S1,OS1
MANAGEMENT:MSC-T,P18,OS13
MANAGEMENT:PCRT-T,,
MANAGEMENT:PDIP-T,P18,OS13
MANELECBUS:CRDT,S1,OS1
MANELECBUS:MSC-T,P18,OS13
MANELECBUS:PDIP-T,P18,OS13
MANHCSERV:HNC,,
MANHCSERV:HND,USN1,UOS1
MANHRM:MSC-T,P18,OS13
MANHRM:PDIP-T,P18,OS13
MANINTLBUS:CRDT,S1,OS1
MANINTLBUS:MSC-T,P18,OS13
MANINTLBUS:PDIP-T,P18,OS13
MANMARKETING:CRDT,S1,OS1
MANMARKETING:MSC-T,P18,OS13
MANMARKETING:PDIP-T,P18,OS13
MANPEOP:HNC,,
MANSC-ACC:BSC,USN1,UOS1
MANSC-ACCF:BSC,USN1,UOS1
MANSC-BUSAN:MSC-T,P7,OS13
MANSC-BUSAN:PDIP-T,P7,OS13
MANSC-COMP-S:BSC,USN1,UOS14
MANSC-COMP:BSC,USN1,UOS14
MANSC-DATA:MSC-T,P7,OS13
MANSC-ECON:BSC,USN1,UOS1
MANSC-ENVIRON:MSC-T,P7,OS13
MANSC-F-4:BSC,USN1,UOS1
MANSC-LOGISTIC:MSC-T,P7,OS13
MANSC-OPRES:MSC-T,P7,OS13
MANSC-OPT:BSC,USN1,UOS1
MANSC-PERFORM:MSC-T,P7,OS13
MANSC-S:BSC,USN1,UOS1
MANSC/COMP-S:BSC,USN1,UOS1
MANSC/COMP:BSC,USN1,UOS1
MANSC/COMP:MSC-T,S1,OS1
MANSC/COMP:PDIP-T,S1,OS1
MANSC/COMPUS-A:BSC,USN1,UOS1
MANSC:BSC,USN1,UOS1
MANSC:BSC-P,USN1,UOS1
MANSC:CERT,USN1,UOS1
MANSC:DIP,S1,OS1
MANSC:MPH-R,R1,OS1
MANSC:MSC-R,R1,OS1
MANSC:MSC-T,P18,OS13
MANSC:PDIP-T,P18,OS13
MANSC:PHD-R,R1,OS1
MANSCBUSADMIN-S:BSC,USN1,UOS1
MANSCBUSADMIN:BSC,USN1,UOS1
MANSCI:PHD-R,R1,OS1
MANSCUS-A:BSC,USN1,UOS1
MANSUS:MSC-T,P18,OS13
MANSUS:PDIP-T,P18,OS13
MANTOUR:MSC-T,P18,OS13
MANTOUR:PDIP-T,P18,OS13
MANUENG(C):HND,USN1,UOS1
MANUENG-S:HNC,,
MANUENG:FDENG,,
MANUENG:HNC,,
MANUENG:HND,USN1,UOS14
MANUENGSKC:HNC,USN1,UOS14
MANUFACENG:HNC,,
MARKETING-S:BA,USN1,UOS1
MARKETING:BA,USN1,UOS1
MARKETING:BSC,USN1,OS1
MARKETING-S:BSC,USN1,OS1
MARKETING:MPH-R,R1,OS1
MARKETING:MSC-T,P18,OS13
MARKETING:PHD-R,R1,OS1
MATH(AM):BSC,USN1,UOS1
MATH(PM):BSC,USN1,UOS1
MATH(PM):BSC-P,USN1,UOS1
MATH(ST):BSC,USN1,UOS1
MATHAPS-I:MSC-T,S1,OS1
MATHAPS:MSC-T,S1,OS1
MATHEMATICS:MPH-R,R1,OS1
MATHS-4:MMTHS,USN1,UOS1
MATHS-ACC-S:BA,USN1,UOS1
MATHS-ACC:BA,USN1,UOS1
MATHS-ACC:DIP,USN1,UOS1
MATHS-ACCF-S:BA,USN1,UOS1
MATHS-ACCF:BA,USN1,UOS1
MATHS-ACCF:CERT,USN1,UOS1
MATHS-COMPSCI-S:BSC,USN1,UOS14
MATHS-COMPSCI:BSC,USN1,UOS14
MATHS-COMPSCI:CERT,USN1,UOS1
MATHS-COMPSCI:DIP,USN1,UOS14
MATHS-ECON-S:BA,USN1,UOS1
MATHS-ECON:BA,USN1,UOS1
MATHS-ECON:DIP,USN1,UOS1
MATHS-EDU:BSC,USN1,UOS1
MATHS-F-4:BSC,USN1,UOS1
MATHS-MAN-S:BSC,USN1,UOS1
MATHS-MAN:BSC,USN1,UOS1
MATHS-MANSC-S:BSC,USN1,UOS1
MATHS-MANSC:BSC,USN1,UOS1
MATHS-MANSC:DIP,USN1,UOS1
MATHS-PHIL-S:BSC,USN1,UOS1
MATHS-PHIL:BSC,USN1,UOS1
MATHS-PHIL:DIP,USN1,UOS1
MATHS-S:BSC,USN1,UOS1
MATHS-STATS-S:BSC,USN1,UOS1
MATHS-STATS:BSC,USN1,UOS1
MATHS-STATS:BSC-P,USN1,UOS1
MATHS-STATS:DIP,USN1,UOS1
MATHS/BUS:BSC,USN1,UOS1
MATHS/MANSC-S:BSC,USN1,UOS1
MATHS/MANSC:BSC,USN1,UOS1
MATHS:BSC,USN1,UOS1
MATHS:BSC-P,USN1,UOS1
MATHS:CERT,USN1,UOS1
MATHS:CRDT,S1,OS1
MATHS:DIP,USN1,UOS1
MATHS:GDIP,USN1,UOS1
MATHS:MPH-R,R1,OS1
MATHS:MSC-R,R1,OS1
MATHS:PHD-R,R1,OS1
MBA(CONV):MBA-T,E1H,E1O
MBA:CRDT,E1H,E1O
MBA:MBA-T,E1H,E1O
MBA:NQUAL-T,E1H,E1O
MBAN:MBA-T,E1H,E1O
MBANN:MBA-T,E1H,E1O
MBAPSM:MBA-T,E1H,E1O
MBASHS:MBA-T,,
MBS:MBS-T,,
MEBA:MEBA-T,,
MEBAN:MEBA-T,,
MEBS:MEBS-T,,
MEBS:PDIP-T,,
MECHANENGIN:HNC,,
MECHANENGIN:HND,,
MECHANICAL(120):HNC,,
MECHANICALENG:HNC,,
MECHENG(C):HND,USN1,UOS14
MECHENG-90:FDENG,,
MECHENG:FDENG,,
MECHENG:HNC,,
MECHENG:HND,,
MECHENGNQF:HNC,,
MECHENGP:HNC,,
MEDANTH:BSC,USN1,UOS1
MEDHEALTH:MPH-R,R1,OS1
MEDHEALTH:PHD-R,R1,OS1
MEDHUMS:MA-T,S1,OS1
MEDHUMS:PDIP-T,S1,OS1
MEDIA:HNC,,
MEDIA:HND,UXN2,
MEDICINE:MD-R,R1,OS1
MEDIMCOMP:MPH-R,R1,OS14
MEDIMCOMP:PHD-R,,P2
MEDLAW:LLM-T,,OS1
MEDLAW:PDIP-T,,OS1
MEDLAWETH:LLM-T,S1,OS1
MEDLAWETH:PDIP-T,S1,OS1
MEDMAN:MSC-T,,
MEDMAN:PCRT-T,,
MEDMAN:PDIP-T,,
MEDMGT:FDSC,,
MEDSIG:MSC-T,S1,OS14
MEDSIG:PDIP-T,S1,OS14
MEDTS:MA-R,R1,OS1
MEDTS:MA-T,S1,OS1
MEDTS:MPH-R,R1,OS1
MEDTS:NQUAL-T,S1,OS1
MEDTS:PDIP-T,S1,OS1
MEDTS:PHD-R,R1,OS1
MEMS:MA-R,R1,OS1
MEMS:MA-T,S1,OS1
MEMS:MPH-R,R1,OS1
MEMS:PDIP-T,S1,OS1
MEMS:PHD-R,R1,OS1
MENHEA(ADULT):MSC-T,S1,OS1
MENHEA(ADULT):PDIP-T,S1,OS1
MENHEA(CBT):PCRT-T,,
MENHEA(CHILD):MSC-T,S1,OS1
MENHEA(CHILD):PDIP-T,S1,OS1
MENHEA(PEDIS):PCRT-T,,
MENHEA(VILAB):PCRT-T,,
MENHEA:CRDT,,
MENHEA:MA-R,R1,OS1
MENHEA:MPH-R,R1,OS1
MENHEA:MSC-T,S1,OS1
MENHEA:NQUAL-T,,
MENHEA:PCERT-T,,
MENHEA:PDIP-T,,
MENHEA:PHD-R,R1,OS1
MENHEAMIG:MA-T,S1,OS1
MENHEAMIG:NQUAL-T,,
MENHEAMIG:PDIP,S1,OS1
MGE:MA-T,S1,OS1
MICROBIO(S)-S:BSC,USN1,UOS14
MICROBIO-A:BSC,USN1,UOS14
MICROBIO-S:BSC,USN1,UOS14
MICROBIO:BSC,USN1,UOS14
MICROBIO:DIP,USN1,UOS14
MICROBIO:MPH-R,R1,OS14
MICROBIO:MSC-R,R1,OS14
MICROBIO:NQUAL-R,R1,OS1
MICROBIO:PHD-R,R1,OS14
MICROBIOCELL:BSC,USN1,UOS14
MICROBIOFRE-A:BSC,USN1,UOS14
MICROBIOGER-A:BSC,USN1,UOS14
MICROBIOITAL-A:BSC,USN1,UOS14
MICROBIOMED:BSC,USN1,UOS14
MICROBIOTECH:BSC,USN1,UOS14
MIGRATSTD:MA-T,,
MIGRATSTD:MPH-R,R1,OS1
MIGRATSTD:PHD-R,R1,OS1
MOBAPP:MSC-T,S1,OS14
MOBAPP:PDIP-T,S1,OS14
MODBUSAP:BA,UXN2,
MODBUSAP:CERT,USN1,UOS1
MODBUSAP:DIPHE,UXN2,
MODEUROLIT:MA-T,S1,OS1
MODEUROLIT:PDIP-T,S1,OS1
MODFRE(PARIS):MA-T,E3H,E3O
MODFRESTD:MA-T,S1,OS1
MODFRESTD:PDIP-T,S1,OS1
MODFREWTVC:MA-T,S1,OS1
MODFREWTVC:PDIP-T,S1,OS1
MODHIS(PARIS):MA-T,E3H,E3O
MODHIS(PARIS):PDIP-T,E3H,E3O
MODHIS:MA-T,S1,OS1
MODHIS:PDIP-T,S1,OS1
MODHSPNSTD:MA-T,S1,OS1
MODHSPNSTD:PDIP-T,S1,OS1
MODLANG(FRE)-A:BA,USN1,UOS1
MODLANG(GER)-A:BA,USN1,UOS1
MODLANG(IT)-A:BA,USN1,UOS1
MODLANG(SPN)-A:BA,USN1,UOS1
MODLANG-A:BA,USN1,UOS1
MODLIT:MA-T,S1,OS1
MODLIT:NQUAL-T,S1,OS1
MODLIT:PDIP-T,S1,OS1
MODPOET:MA-T,S1,OS1
MODSPNSTD:MA-T,S1,OS1
MODSPNSTD:PDIP-T,S1,OS1
MOLCELLBIO-A:BSC,USN1,UOS14
MOLCELLBIO-S:BSC,USN1,UOS14
MOLCELLBIO:BSC,USN1,UOS14
MOLCELLBIOFRE-A:BSC,USN1,UOS14
MOLCELLBIOGER-A:BSC,USN1,UOS14
MOLCELLBIOITAL-A:BSC,USN1,UOS14
MOLCOMP-I:MSC-T,S1,OS14
MOLCOMP-S-I:MSC-T,S1,OS14
MOLCOMP-S:MSC-T,S1,OS14
MOLCOMP:MSC-T,S1,OS14
MOLCOMP:PCRT-T,S1,OS14
MOLCOMP:PDIP-T,S1,OS14
MPERFORM:HND,UXN2,
MPROD:HND,UXN2,
MPRODMKC:HND,USN1,UOS1
MSOCRES:MA-T,S1,OS1
MSOCRES:PCERT-T,S1,OS1
MSOCRES:PDIP-T,S1,OS1
MSPOL:DIPG-T,S1,OS1
MSTUD:CRTG-T,S1,OS1
MSTUD:PDIP-T,S1,OS1
MSTUDNC:DIPG-T,S1,OS1
MSTUDSKC:DIPG-T,S1,OS1
MSUBSMOFF:CERT,,UXN21
MTS:MA-T,S1,OS1
MULTI/TECH-S:BSC,USN1,UOS14
MULTI/TECH:BSC,USN1,UOS14
MULTI/TECH:CERT,USN1,UOS14
MULTI/TECH:DIP,USN1,UOS14
MULTIMED:HND,UXN6,
MULTIMEDJOURDIS:MA-T,E15,OS1
MULTIMEDJOURN:MA-T,E15,OS1
MULTIMEDJOURN:PDIP-T,E15,OS1
MUSIC(PROD):BA,,
MUSIC-S:BMUS,USN1,UOS14
MUSIC:BMUS,USN1,UOS14
MUSIC:CERT,USN1,UOS14
MUSIC:DIP,USN1,UOS14
MUSICCOMP:MA-T,S1,OS14
MUSICCOMP:PDIP-T,S1,OS14
MUSICTECH:BSC,,UOS14
MUSICTECH:MA-T,S1,OS1
MUSICTECH:MPH-R,R1,OS1
MUSICTECH:PCRT-T,S1,OS14
MUSICTECH:PDIP-T,S1,OS14
MUSICTECH:PHD-R,R1,OS1
MVMAN:HNC,,
MYSTRE:MA-T,S1,OS1
MYSTRE:PDIP-T,S1,OS1
NAETHI:MA-T,S1,OS1
NAETHR:MA-T,S1,OS1
NAETHR:PDIP-T,S1,OS1
NAMANSC:MMSC,USN1,UOS1
NETSEC-I:MSC-T,S1,OS14
NETSEC-S-I:MSC-T,S1,OS14
NETSEC-S:MSC-T,S1,OS14
NETSEC:MSC-T,S1,OS14
NETSEC:PCRT-T,S1,OS14
NETSEC:PDIP-T,S1,OS14
OCCA:NQUAL-T,,
OCCH:CRDT,,
OCCH:NQUAL-T,,
OCCHEALTH:MPH-R,R1,OS1
OCCHEALTH:PHD-R,R1,OS1
OCCN:NQUAL-T,,
OCCS:CRDT,,
OCCS:NQUAL-T,,
OCCT:NQUAL-T,,
OPERAR:MPH-R,R1,OS1
OPERAR:MSC-R,R1,OS1
OPERAR:PDIP-R,R1,OS1
OPERAR:PHD-R,R1,OS1
OPRESBUSSTATS:MSC-T,,
OPTOET:MSC-T,S1,OS1
ORGPSY:MSC-T,XXX15,XXX16
PAA:MA-T,S1,OS1
PAA:PCRT-T,S1,OS1
PARACSC:PDIP-T,S1,OS1
PCIC:MSC-T,,
PCON:MA-T,E7H,E7O
PDESIGN:HNC,,
PDESIGN:HND,,
PERART(PERF):HND,UXN6,
PERART(T&M):HND,USN1,UOS1
PERF-PRAC:PDIP,S1,OS1
PERFPRAC:MA-T,S1,OS1
PERSCENSUPP:CERT,USN1,UOS1
PERVCOMP:MSC-T,S1,OS14
PERVCOMP:PGDIP,S1,OS14
PHARCHEM-A:BSC,USN1,UOS14
PHARCHEM-A:MCHEM,USN1,UOS14
PHARCHEM-S:BSC,USN1,UOS14
PHARCHEM:BSC,USN1,UOS14
PHARCHEMIN-S:BSC,USN1,UOS14
PHARM-4:MPHARM,USN1,
PHARM:CRDT,,
PHARM:MPH-R,,
PHARM:PHD-R,,
PHARMACOSERV:PCRT-T,,
PHARMPHYS-S:BSC,USN1,UOS14
PHARMPHYS:BSC,USN1,UOS14
PHARMPRAC:FDSC,,
PHIL-A:BA,USN1,UOS1
PHIL-ANT:BA,USN1,UOS1
PHIL-BUSADMIN:BA,USN1,UOS1
PHIL-CULTSTUD:BA,USN1,UOS1
PHIL-ELL:BA,USN1,UOS1
PHIL-LAW:BA,USN1,UOS1
PHIL-OPT:BA,USN1,UOS1
PHIL-POL:BA,USN1,UOS1
PHIL-POLITICS-A:BA,USN1,UOS1
PHIL-POLITICS:BA,USN1,UOS1
PHIL-RS:BA,USN1,UOS1
PHIL-SOC:BA,USN1,UOS1
PHIL-SOCBEV:BA,USN1,UOS1
PHIL-SOCBEV:DIP,USN1,UOS1
PHIL-SOCPOL:BA,USN1,UOS1
PHIL-SPA:BA,USN1,UOS1
PHIL-SPN-A:BA,USN1,UOS1
PHIL-THRS:BA,USN1,UOS1
PHIL-THRS:DIP,USN1,UOS1
PHIL/ECULT:BA,USN1,UOS1
PHIL:BA,USN1,UOS1
PHIL:CERT,UXN23,UXN23
PHIL:DIP,USN1,UOS1
PHIL:MA-R,R1,OS1
PHIL:MA-T,S1,OS1
PHIL:MPH-R,R1,OS1
PHIL:MPH-T,S1,OS1
PHIL:PDIP-T,S1,OS1
PHIL:PHD-R,R1,OS1
PHILCIV:MA-T,S1,OS1
PHILCV:MA-T,S1,OS1
PHILHK-A:BA,USN1,UOS1
PHOTO:BA,UXN8H,UXN8O
PHOTO:FDA,UXN6,
PHOTO:HNC,,
PHOTO:HND,,
PHYS-4:MPHYS,USN1,UOS14
PHYS-A:BSC,USN1,UOS14
PHYS-A:MPHYS,USN1,UOS14
PHYS-BUSADMIN:BSC,USN1,UOS1
PHYS-COMPSCI:BSC,USN1,UOS14
PHYS-EURO:MSC-T,S1,OS14
PHYS-F-4:BSC,USN1,UOS14
PHYS/ASTRO-4:MPHYS,USN1,UOS14
PHYS/ASTRO-A:BSC,USN1,UOS14
PHYS/ASTRO:BSC,USN1,UOS14
PHYS/ASTROFRE-A:BSC,USN1,UOS14
PHYS/ASTROGER-A:BSC,USN1,UOS14
PHYS/ASTROITAL-A:BSC,USN1,UOS14
PHYS/ASTROSPN-A:BSC,USN1,UOS14
PHYS/ASTROUS-A:MPHYS,USN1,UOS14
PHYS/BUSTUD:BSC,USN1,UOS14
PHYS/CPHYS-A:BSC,USN1,UOS14
PHYS/CPHYS:BSC,USN1,UOS14
PHYS/CPHYSFRE-A:BSC,USN1,UOS14
PHYS/FINANCE:BSC,USN1,UOS14
PHYS/FORENSIC:BSC,USN1,UOS14
PHYS/MANSC-A:BSC,USN1,UOS14
PHYS/MANSC:BSC,USN1,UOS14
PHYS/MANSCFRE-A:BSC,USN1,UOS14
PHYS/MANSCGER-A:BSC,USN1,UOS14
PHYS:BSC,USN1,UOS14
PHYS:BSC-P,USN1,UOS14
PHYS:CERT,USN1,UOS14
PHYS:CRDT,R1,OS1
PHYS:DIP,USN1,UOS14
PHYS:MPH-R,R1,OS14
PHYS:MSC-R,R1,OS14
PHYS:NQUAL-R,R1,OS1
PHYS:PDIP-R,R1,OS1
PHYS:PHD-R,R1,OS14
PHYSAM-A:MPHYS,USN1,UOS14
PHYSASTRO-A:MPHYS,USN1,UOS14
PHYSMOP-4:MPHYS,USN1,UOS14
PHYSMOP-A:BSC,USN1,UOS14
PHYSMOP-A:MPHYS,USN1,UOS14
PHYSMOP:BSC,USN1,UOS14
PHYSOPT-4:MPHYS,USN1,UOS14
PHYSOPT-A:MPHYS,USN1,UOS14
PHYSOPTEL-A:BSC,USN1,UOS14
PHYSOPTEL:BSC,USN1,UOS14
PHYSSSS-4:MPHYS,USN1,UOS14
PHYSSSS-A:BSC,USN1,UOS14
PHYSSSS-A:MPHYS,USN1,UOS14
PHYSSSS:BSC,USN1,UOS14
PHYSSSSAM-A:MPHYS,USN1,UOS14
PHYSSSSFRE-A:BSC,USN1,UOS14
PMATHS:MSC-R,R1,OS1
PMATHS:PHD-R,R1,OS1
POETRYPRAC:PHD-R,R1,OS1
POL(INTREL)/SPN-A:BA,USN1,UOS1
POL-A:BA,USN1,UOS1
POL-FRE-A:BA,USN1,UOS1
POL-GER-A:BA,USN1,UOS1
POL-HIS:BA,USN1,UOS1
POL-INTRELYRIT-A:BA,USN1,UOS1
POL-LAW:BA,USN1,UOS1
POL-PHIL:BA,USN1,UOS1
POL/ITAL-A:BA,USN1,UOS1
POL:BA,USN1,UOS1
POL:MA-R,R1,OS1
POL:MPH-R,R1,OS1
POL:PHD-R,R1,OS1
POLDS:DIP,S1,OS1
POLDS:MA-T,S1,OS1
POLDTC:PHD-R,R1,OS1
POLECON:BA,USN1,UOS1
POLFIN-A:BA,USN1,UOS1
POLIR-A:BA,USN1,UOS1
POLIR-BIDIP:BA,USN1,UOS1
POLIR-ELL:BA,USN1,UOS1
POLIR-OPT:BA,USN1,UOS1
POLIR4:PHD-R,R1,OS1
POLIR:BA,USN1,UOS1
POLIR:DIP,USN1,UOS1
POLIR:PDIP,E7H,E7O
POLIR:GDIP,UXN14,UXN14
POLIR:UDIP,USN1,UOS1
POLIRCHINAHK-A:BA,USN1,UOS1
POLIRCONTEUR-A:BA,USN1,UOS1
POLIRCZ-A:BA,USN1,UOS1
POLIRFIN-A:BA,USN1,UOS1
POLIRLANG-A:BA,USN1,OS1
POLIRNA-A:BA,USN1,UOS1
POLIT2:MA-T,S1,OS1
POLIT:MA-R,R1,OS1
POLIT:MA-T,S1,OS1
POLIT:PDIP-T,E7H,E7O
POLITICS-FRE-A:BA,USN1,UOS1
POLITICS-GER-A:BA,USN1,UOS1
POLITICS-HIS:BA,USN1,UOS1
POLITICS-LAW:BA,USN1,UOS1
POLITICS-PHIL:BA,USN1,UOS1
POLITICS/ITAL-A:BA,USN1,UOS1
POLITICS:BA,USN1,UOS1
POLITICSFIN-A:BA,USN1,UOS1
POLLANG(FRE):BA,USN1,UOS1
POLPHIL/ECON-A:BA,USN1,UOS1
POLSOC:MA-T,S1,OS1
POLSOC:PDIP-T,S1,OS1
POLSOCTHO:MA-R,R1,OS1
POLSOCTHO:MPH,R1,OS1
POLSOCTHO:PHD-R,,
POLST:MA-T,S1,OS1
POLSTRATCOMM:MA-T,BRU03,BRU03
POLT:MA-T,S1,OS1
POLTHEORES(2):MA-T,S1,OS1
POLTHEORES:MA-T,S1,OS1
POLTHEORES:PDIP-T,S1,OS1
POPMUSIC-S:BMUS,USN1,UOS14
POPMUSIC:BA,UXN8H,UXN8O
POPMUSIC:BMUS,USN1,UOS14
POPMUSIC:CERT,USN1,UOS14
POPMUSIC:DIP,USN1,UOS14
POPMUSIC:FDA,,
POSBEHSUPP:DIP,USN1,UOS1
POSTCOL(PARIS):MA-T,E3H,E3O
POSTCOL(PARIS):PDIP,E3H,E3O
POSTCOL:MA-R,R1,OS1
POSTCOL:MA-T,S1,OS1
POSTCOL:MPH-R,R1,OS1
POSTCOL:NQUAL-R,R1,OS1
POSTCOL:PDIP-T,S1,OS1
POSTCOL:PHD-R,R1,OS1
PRACARCH:HND,USN1,UOS1
PREACCESSMKC:NQUAL,,
PRIMDENCARE:MSC-T,,
PRIMDENCARE:PDIP-T,,
PRIMDENCAREFD:PCRT-T,,
PRIMDENTALCARE:BSC,USN1,UOS1
PROFDEVELOP:PCERT-T,,
PROFPRAC(GEN):MA-T,XXX11,
PROFPRAC(GEN):MSC-T,XXX11,
PROFPRAC(GEN):PCRT-T,XXX11,
PROFPRAC(GEN):PDIP-T,XXX11,
PROFPRAC(TAL):MSC-T,XXX11,
PROFPRAC(TAL):PCRT,XXX11,
PROFPRAC(TAL):PDIP,XXX11,
PROFSTUD:BA,,
PRPEHI:MA-T,S1,OS1
PRPEHI:PDIP-T,S1,OS1
PSENG12:CRDT,,
PSENG12AD:CRDT,,
PSENG19:CRDT,,
PSENG26:CRDT,,
PSENG34:CRDT,,
PSENG6:CRDT,,
PSENG6AD:CRDT,,
PSENG8A:CRDT,,
PSENG8B:CRDT,,
PSENG:CRDT,,
PSITMOD:MA-T,,
PSS:MPH-R,R1,OS1
PSS:PHD-R,R1,OS1
PSY(SCI):MPH-R,R1,OS1
PSY(SCI):MSC-R,R1,OS1
PSY(SCI):NQUAL-R,R1,OS1
PSY(SCI):PHD-R,R1,OS1
PSY(SOC):MPH-R,R1,OS1
PSY(SOC):MSC-R,R1,OS1
PSY(SOC):NQUAL-R,R1,OS1
PSY(SOC):PHD-R,R1,OS1
PSY-A:BSC,USN1,UOS1
PSY-ANT:BSC,USN1,UOS1
PSY-LAW-4:BSC,USN1,UOS1
PSY-LAW:DIP,USN1,
PSY-OPT:BSC,USN1,UOS14
PSY-SOC:BSC,USN1,UOS1
PSY4:PHD-R,R1,OS1
PSY:BSC,USN1,UOS1
PSY:DIP,USN1,UOS14
PSYANH:MA-R,R1,OS1
PSYANH:MA-T,S1,OS1
PSYANH:MPH-R,R1,OS1
PSYANH:PDIP-T,S1,OS1
PSYANH:PHD-R,R1,OS1
PSYANST:MA-T,S1,OS1
PSYCH:GDIP-T,UXN14,UXN14
PSYCHOL-A:BSC,USN1,UOS14
PSYCHOL-S:BSC,USN1,UOS14
PSYCHOL:BSC,USN1,UOS14
PSYCHOLITAL-A:BSC,USN1,UOS14
PSYCLIN:BSC,USN1,UOS14
PSYCLN:BSC,USN1,UOS1
PSYCOTH:CRTG-T,R1,OS1
PSYCOTH:MA-R,,
PSYCOTH:MA-T,R1,OS1
PSYCOTH:MPH-R,,
PSYCOTH:MPY-T,R1,OS1
PSYCOTH:NQUAL-T,R1,OS1
PSYDYN:PDIP-T,R1,OS1
PSYITAL-A:BSC,USN1,UOS14
PSYSTUD:CRDT,,
PSYSTUD:CRTG-T,R1,OS1
PSYSTUD:MA-R,R1,OS1
PSYSTUD:MA-T,,
PSYSTUD:MPH-R,R1,OS1
PSYSTUD:MSC-T,,
PSYSTUD:NQUAL-T,R1,OS1
PSYSTUD:PCRT-T,R1,OS1
PSYSTUD:PDIP-T,,
PSYSTUD:PHD-R,R1,OS1
PSYTHPY:DCS-R,R1,OS1
PSYTHPY:DCS-T,S1,OS1
PSYTHPY:MCS-T,,OS1
PUBADMIN-MAN:BA,USN1,UOS1
PUBADMIN:HNC,,
PUBILAW2:LLM-T,BRU03,BRU03
PUBILAW:LLM-T,,
PUBILAW:PDIP-T,S1,OS1
PUBILAWICLAW:LLM-T,S1,OS1
PUBLICSERV:HND,UXN2,
PUBSERV:HNC,,
PUBSERV:HND,USN1,UOS1
PUBSERVMAN:BA,UXN2,
QAM:DIP,USN1,UOS1
QSS:PHD-R,R1,OS1
QUALTEACHP1:CRDT,,
QUALTEACHP2:CRDT,,
QUALTEACHP3:CERT,,
RAPTBIO:DIP,USN1,UOS1
REASONING:MA-T,S1,OS1
REASONING:PCRT-T,S1,OS1
REASONING:PDIP-T,S1,OS1
RELIGION:MA-T,S1,OS1
REPROMED:MSC-T,P6,OS14
RETAILMAN-F:FDA,USN1,
RETAILMGT:HNC,,
RETAILMGT:HND,UXN2,
RISKSOC:MA-T,S1,OS1
RMPSY:MSC-T,S1,OS1
ROMAN(ROME):MA-T,E3H,E3O
ROMAN:MA-T,S1,OS1
RS-A:BA,USN1,UOS1
RS-OPT:BA,USN1,UOS1
RS/ECULT:BA,USN1,UOS1
RS:BA,USN1,UOS1
RS:CERT,USN1,UOS1
RS:DIP,USN1,UOS1
SCAREMAN:BA,USN1,UOS1
SCICOMM:MSC-T,S1,OS1
SCIENCE(CHEM):HNC,,
SDESIGN:HNC,,
SECTERROR(2 YR):MA-T,S1,OS1
SECTERROR:MA-T,S1,OS1
SECTERROR:PDIP-T,S1,OS1
SHAKESPEARE:MA-T,S1,OS1
SHAKESPEARE:PDIP-T,S1,OS1
SHORT28:CRDT,,
SHORTCC:CRDT,,
SHORTH01:CRDT,USN1,UOS1
SHORTH01:NQUAL,USN1,UOS1
SHORTH02:NQUAL,USN1,UOS1
SHORTH03:CRDT,USN1,UOS1
SHORTH03:NQUAL,USN1,UOS1
SHORTH04:CRDT,USN1,UOS1
SHORTH04:NQUAL,USN1,UOS1
SHORTH05:CRDT,USN1,UOS1
SHORTH05:NQUAL,USN1,UOS1
SHORTH06:NQUAL,USN1,UOS1
SHORTH09:CRDT,USN1,UOS1
SHORTH11:CRDT,USN1,UOS1
SHORTH11:NQUAL,,
SHORTHPG01:CRDT,,
SHORTHPG05:CRDT,S1,OS1
SHORTHPG08:NQUAL,,
SHORTN24:CRDT,,
SHORTN24:NQUAL,,
SHORTN25:CRDT,USN1,UOS14
SHORTN25:NQUAL,USN1,UOS14
SHORTN26:CRDT,USN1,UOS14
SHORTN26:NQUAL,USN1,UOS14
SHORTN27:CRDT,USN1,UOS14
SHORTN27:NQUAL,USN1,UOS14
SHORTN28:CRDT,,
SHORTN29:NQUAL,USN1,UOS14
SHORTPG03:CRDT,S1,OS1
SHORTPG04:CRDT,S1,OS1
SHORTPG16:CRDT,,
SHORTPG16:NQUAL,S1,OS14
SHORTPG35:NQUAL,,
SHORTPG36:CRDT,S1,OS1
SHORTPG37:CRDT,S1,OS1
SHORTPG38:CRDT,,
SHORTPG39:CRDT,S1,OS1
SHORTPG40:CRDT,S1,OS1
SHORTPG40:NQUAL,,
SHORTPG45:CRDT,S1,OS1
SHORTPGMEDWAY:NQUAL,,
SHORTPGR37:CRDT,R1,OS1
SHORTS35:CRDT,USN1,UOS1
SHORTS35:NQUAL,USN1,UOS1
SHORTS36:CRDT,USN1,UOS1
SHORTS36:NQUAL,USN1,UOS1
SHORTS37:CRDT,USN1,UOS1
SHORTS37:NQUAL,USN1,UOS1
SHORTS38:CRDT,USN1,UOS1
SHORTS38:NQUAL,USN1,UOS1
SHORTS39:CRDT,USN1,UOS1
SHORTS39:NQUAL,USN1,UOS1
SHORTS40:CRDT,USN1,UOS1
SHORTS40:NQUAL,USN1,UOS1
SHORTS41:CRDT,USN1,UOS1
SHORTS41:NQUAL,USN1,UOS1
SHORTS42:NQUAL,USN1,UOS1
SHORTS43:NQUAL,USN1,UOS1
SHORTS44:NQUAL,USN1,UOS1
SHORTS45:CRDT,USN1,UOS1
SHORTS45:NQUAL,USN1,UOS1
SHORTS47:CRDT,,
SHORTS48:NQUAL-T,,
SHORTT15:CRDT,USN1,UOS14
SHORTT15:NQUAL,USN1,UOS14
SHORTT16:CRDT,USN1,UOS14
SHORTT16:NQUAL,USN1,UOS14
SHORTT17:CRDT,USN1,UOS14
SHORTT17:NQUAL,USN1,UOS14
SHORTT24:CRDT,,
SLEDMEDED:MSC-T,,
SLEDMEDED:PCRT-T,,
SLEDMEDED:PDIP-T,,
SLS:LLM-R,R1,OS1
SLS:MPH-R,R1,OS1
SLS:PHD-R,R1,OS1
SOC-ANT:BA,USN1,UOS1
SOC-ANT:PHD-R,R1,OS1
SOC-ANTFIN-A:BA,USN1,UOS1
SOC-COMP:BA,USN1,UOS14
SOC-EAMLIT:BA,USN1,UOS1
SOC-ECON:BA,USN1,UOS1
SOC-ENG:BA,USN1,UOS1
SOC-OPT:BA,USN1,UOS1
SOC-PHIL:BA,USN1,UOS1
SOC-POL:BA,USN1,UOS1
SOC-POLITICS:BA,USN1,UOS1
SOC-SOCPOL:BA,USN1,UOS1
SOC-SPA:BA,USN1,UOS1
SOC-SPSY:BA,USN1,UOS1
SOC/CLINPSY:BA,USN1,UOS14
SOC:BA,USN1,UOS1
SOC:CRDT,R1,OS1
SOC:DIP,USN1,UOS1
SOC:MA-R,R1,OS1
SOC:MA-T,S1,OS1
SOC:MPH-R,R1,OS1
SOC:NQUAL-R,R1,OS1
SOC:PDIP-T,S1,OS1
SOC:PHD-R,R1,OS1
SOCAPSY:MSC-T,S1,OS1
SOCAPSY:NQUAL-T,S1,OS1
SOCAPSY:PDIP-T,S1,OS1
SOCBEV:BA,USN1,UOS1
SOCCLINPSY:BSC,USN1,UOS14
SOCFIN-A:BA,USN1,UOS1
SOCHK-A:BA,USN1,UOS1
SOCIALWORK:MA-T,USN8,XXX13
SOCITAL-A:BA,USN1,UOS1
SOCNTH-A:BA,USN1,UOS1
SOCPOL(IT):MA-R,R1,OS1
SOCPOL(IT):MPH-R,R1,OS1
SOCPOL(IT):PHD-R,R1,OS1
SOCPOL-OPT:BA,USN1,UOS1
SOCPOL-PHIL:BA,USN1,UOS1
SOCPOL-PMGT:BA,USN1,UOS1
SOCPOL-PMGT:DIP,USN1,UOS1
SOCPOL-POL:BA,USN1,UOS1
SOCPOL-POLITICS:BA,USN1,UOS1
SOCPOL/COMP:BA,USN1,UOS1
SOCPOL:BA,USN1,UOS1
SOCPOL:DIP,USN1,UOS1
SOCPOL:MA-R,R1,OS1
SOCPOL:MPH-R,R1,OS1
SOCPOL:PHD-R,R1,OS1
SOCPSY:BSC,USN1,UOS1
SOCPUBPOL(COM):MA-T,,
SOCPUBPOL(COM):PDIP,,
SOCPUBPOL(CRIM):MA-T,,
SOCPUBPOL(CRIM):PDIP,,
SOCPUBPOL(URB):MA-T,,
SOCPUBPOL(URB):PDIP,,
SOCPUBPOL:MA-T,,
SOCPUBPOL:PDIP-T,,
SOCRES:MA-T,S1,OS1
SOCRES:PDIP-T,S1,OS1
SOCRESEVAL:MA-T,S1,OS1
SOCSC:TDIP,USN1,UOS1
SOCSCI(PSYCRI):BSC-P,USN1,UOS1
SOCSCI(PSYCRIM):BSC,USN1,UOS1
SOCSCI(PSYCRIM):CERT,USN1,UOS1
SOCSCI(PSYCRIM):DIP,USN1,UOS1
SOCSCI(SOCCRIM):BSC,USN1,UOS1
SOCSCI(SOCCRIM):CERT,USN1,UOS1
SOCSCI(SOCCRIM):DIP,USN1,UOS1
SOCSCI(SOCPSY):BSC,USN1,UOS1
SOCSCI(SOCPSY):BSC-P,USN1,UOS1
SOCSCI(SOCPSY):CERT,USN1,UOS1
SOCSCI(SOCPSY):DIP,USN1,UOS1
SOCSCI(SOCRIM):BSC-P,USN1,UOS1
SOCSCI:BA,USN1,UOS1
SOCSCI:BSC,USN1,UOS1
SOCSCI:CERT,,UOS1
SOCSCI:DIP,USN1,UOS1
SOCSCIF-F-4:BA,USN1,UOS1
SOCSPN-A:BA,USN1,UOS1
SOCSRES:MA-R,R1,OS1
SOCSRES:MA-T,S1,OS1
SOCSRES:MPH-R,R1,OS1
SOCSRES:MPH-T,S1,OS1
SOCSRES:PDIP-T,S1,OS1
SOCST:MA-T,S1,OS1
SOCST:PDIP-T,S1,OS1
SOCWK:BA,USN1,UOS1
SOCWK:MPH-R,R1,OS1
SOCWK:PHD-R,R1,OS1
SOCWKST:MA-T,S1,OS1
SOUNDIMAGE:MA-T,S1,OS1
SOUNDIMAGE:PCRT-T,S1,OS1
SOUNDIMAGE:PDIP-T,S1,OS1
SPA-COMP:BA,USN1,UOS14
SPA-PHIL:BA,USN1,UOS1
SPA-POL:BA,USN1,UOS1
SPA-RS:BA,USN1,UOS1
SPA-THRS:BA,USN1,UOS1
SPA/COMP:BA,USN1,UOS1
SPA:BA,USN1,UOS1
SPA:DIP,USN1,UOS1
SPA:MA-R,R1,OS1
SPA:MPH-R,R1,OS1
SPA:NQUAL-R,R1,OS1
SPA:PHD-R,R1,OS1
SPAIT:MA-R,R1,OS1
SPANISH:BA,USN1,UOS1
SPANISH:CERT,USN1,UOS1
SPANISH:DIP,USN1,UOS1
SPCARE:CRDT,,
SPCARE:MSC-T,,
SPCARE:NQUAL-T,,
SPCARE:PCRT-T,,
SPCARE:PDIP-T,,
SPN-BUSADMIN-A:BA,USN1,UOS1
SPN-CLS:MA-T,S1,OS1
SPN-CLS:PDIP-T,S1,OS1
SPN-ELL-A:BA,USN1,UOS1
SPN-RS-A:BA,USN1,UOS1
SPN-THRS-A:BA,USN1,UOS1
SPN/CULTSTUD-A:BA,USN1,UOS1
SPN/CULTSTUD:BA,USN1,UOS1
SPN/ECULT-A:BA,USN1,UOS1
SPN:MA-R,R1,OS1
SPN:MPH-R,R1,OS1
SPN:PHD-R,R1,OS1
SPORTEF(ER):BSC,USN1,
SPORTEF(T&F):BSC,USN1,
SPORTEXHEALTH:BSC,USN1,UOS14
SPORTEXHEALTH:CERT,USN1,UOS14
SPORTEXHEALTH:DIP,USN1,UOS14
SPORTEXHEASCI:PD-R,R1,OS14
SPORTEXMAN:BA,USN1,UOS1
SPORTEXSCI:BSC,USN1,UOS14
SPORTEXSCI:MPH-R,R1,OS14
SPORTEXSCI:PHD-R,R1,OS14
SPORTHF(S):BSC,USN1,
SPORTHF(T):BSC,USN1,
SPORTHF(T):FDA,USN1,UOS1
SPORTHF:CERT,USN1,
SPORTHF:DIP,USN1,
SPORTHFIT:BSC,USN1,
SPORTREHAB:MSC-T,S1,OS1
SPORTREHAB:PDIP-T,,
SPORTSCI:BSC,USN1,UOS1
SPORTSCIOPPER:MSC-T,S1,OS14
SPORTSCIOPPER:PCRT,S1,OS14
SPORTSCIOPPER:PDIP,S1,OS14
SPORTSTHERAPY:BSC,USN1,
SPREHAB(SSOP):MSC-T,S1,OS14
SPSY-ANT:BA,USN1,UOS1
SPSY-ANT:BSC,USN1,UOS1
SPSY-SOC:BSC,USN1,UOS1
SPSY/COMP:BA,USN1,UOS14
SPSY/COMP:BSC,USN1,UOS14
SPSY:BA,USN1,UOS14
SPSY:DIP,USN1,UOS14
SPSY:MPH-R,R1,OS1
SPSY:MSC-R,R1,OS1
SPSY:PHD-R,R1,OS1
SPSYCLINPSY:BSC,USN1,UOS1
SPSYGRP:MPH-R,R1,OS1
SPSYGRP:MSC-R,R1,OS1
SPSYGRP:PHD-R,R1,OS1
SSPOLE:BA,USN1,UOS1
SSRM:PCRT-T,S1,OS1
STATS-COMPSCI-S:BSC,USN1,UOS14
STATS-COMPSCI:BSC,USN1,UOS14
STATS-ECON:BSC,USN1,UOS1
STATS-FIN-I:MSC-T,S1,OS1
STATS-FIN:MSC-T,S1,OS1
STATS-I:MSC-T,S1,OS1
STATS:CRDT,R1,OS1
STATS:DIP,USN1,UOS1
STATS:GDIP-T,USN1,UOS1
STATS:MPH-R,R1,OS1
STATS:MSC-R,R1,OS1
STATS:MSC-T,S1,OS1
STATS:NQUAL-R,R1,OS1
STATS:PDIP-T,S1,OS1
STATS:PHD-R,R1,OS1
STGLOBAL:MA-T,S1,OS1
SUBSMMGT:CERT,,UXN21
SUMMER:CRDT,USN1,UOS1
SUPMAN:CRTG-T,S1,OS1
SUPPRESC:PCRT-T,,
SUPPRESCIBE:PCRT-T,,
SURGERY:MSG-R,R1,OS1
SURGPRAC:CRDT,,
SURGPRAC:MSC-T,,
SURGPRAC:PCRT,,
SURGPRAC:PDIP-T,,
SURPRAC:CRTG-T,,
TECHMANPB:HNC,,
TECPIS:PDIP-T,S1,OS1
TECSKH:PCRT,S1,OS1
TECSKN:PCRT,S1,OS1
TECSKS:PCRT,S1,OS1
TECSKT:PCRT,S1,OS1
TECSKU:PCRT,S1,OS1
TECWK:MA-T,S1,OS1
TECWK:PDIP-T,S1,OS1
TEEME:PHD-R,,
TEXTFASHION:FDA,,
TEXTPRAC:MPH-R,R1,OS1
TEXTPRAC:PHD-R,R1,OS1
THEATRE:HNC,USN1,UOS1
THEATRE:HND,UXN2,
THEATREDRA:MA-T,S1,OS1
THEATREDRA:PDIP-T,S1,OS1
THEATREMKC:HND,USN1,UOS1
THEATREPRAC:BA,UXN2,
THEATREPRACT:BA,USN1,UOS1
THEO:MA-R,R1,OS1
THEO:MLITT-T,S1,OS1
THEO:MPH-R,R1,OS1
THEO:PHD-R,R1,OS1
THEOL:UDIP,USN1,UOS1
THEOMETHRS:MA-T,S1,OS1
THEOMETHRS:PCRT-T,S1,OS1
THEOMETHRS:PDIP-T,S1,OS1
THEOPHYS-4:MPHYS,USN1,UOS14
THEOPHYS-A:MPHYS,USN1,UOS14
THEOPHYSAM-A:MPHYS,USN1,UOS14
THEORPHGER-A:BSC,USN1,UOS14
THRELSTUD:BA,USN1,UOS1
THRS-A:BA,USN1,UOS1
THRS-ANT:BA,USN1,UOS1
THRS-SPA:BA,USN1,UOS1
THRS:BA,USN1,UOS1
THRS:DIP,USN1,UOS1
THRS:MA-R,R1,OS1
THRS:MPH-R,R1,OS1
THRS:PHD-R,R1,OS1
THRSCJ-A:BA,USN1,UOS1
TONBRIDGE:NQUAL-T,,
TOURBUS:CERT,UXN2,
TOURISM:HNC,,
TOURISM:HND,UXN2,
TOURMAN-F:FDA,,
TOURMAN-S:BA,USN1,UOS1
TOURMAN:BA,USN1,UOS1
TOURMAN:DIP,USN1,UOS1
TRAVTOURISM:HNC,,
TRAVTOURISM:HND,UXN2,
URBANDES:MA-T,S1,OS14
URBREG:BA,USN1,
URBST-ECON:BA,USN1,UOS1
URBST-GEOG:BA,USN1,UOS1
URBST-SOC:BA,USN1,UOS1
URBST-SOC:DIP,USN1,UOS1
URBST-SOCPOL:BA,USN1,UOS1
URBST-SOCPOL:DIP,USN1,UOS1
URBST-SPA:BA,USN1,UOS1
URBST:MA-R,R1,OS1
URBST:MPH-R,R1,OS1
URBST:PDIP-R,R1,OS1
URBST:PHD-R,R1,OS1
VALCHAINMGT:MSC-T,P18,OS13
VALCHAINMGT:PDIP-T,P18,OS13
VDA:BA,UXN8H,UXN8O
VDA:DIP,UXN2,
VDC:BA,UXN8H,UXN8O
VISANTH:MA-T,P5,OS4
VISANTH:PDIP-T,P5,OS4
VISART-COMM:BA,UXN2,
VISARTS:BA,,
VISHIS:BA,USN1,UOS1
VLITE:CRDT,USN1,UOS1
VLSI:BENG,USN1,UOS14
VPA:BA,USN1,UOS1
VPA:DIP,USN1,UOS1
VTECH:MA-T,S1,OS1
VTECH:NQUAL-T,S1,OS1
VTECH:PDIP-T,S1,OS1
WARMEDIASOC:MA-T,S1,OS1
WARMEDIASOC:PDIP-T,S1,OS1
WARMOD:MA-T,S1,OS1
WARSTUD:BA,USN1,UOS1
WARSTUD:MA-T,S1,OS1
WARSTUD:PDIP-T,S1,OS1
WEBCOMP-S:BSC,USN1,UOS14
WEBCOMP:BSC,USN1,UOS14
WILDCON-S:BSC,USN1,UOS14
WILDCON:BSC,USN1,UOS14
WLESSCOMSP:MSC-T,S1,OS14
WLESSCOMSP:PDIP-T,S1,OS14
WSTUD:MA-R,R1,OS1
WSTUD:MA-T,S1,OS1
WSTUD:MPH-R,R1,OS1
WSTUD:PDIP-T,S1,OS1
WSTUD:PHD-R,R1,OS1
