Pos Code,UK Fee Band,Int Fee Band,EU Fee Band
FOUNDS-F(HK):CRDT,,,
FOUNDS-F(HK)J:CRDT,,,
ACC:PHD-R,PNRH,PNRO,PNRE
ACCF-A:BSC,UNTH-NAP,UNTO,UNTE
ACCF:BSC,UNTH-NAP,UNTO,UNTE
ACCF-ECON:BSC,UNTH,UNTO,UNTE
ACCF-ECON-S:BSC,UNTH-NAP,UNTO,UNTE
ACCF-S:BSC,UNTH-NAP,UNTO,UNTE
ACCMGT-S:BA,UNTH-NAP,UNTO,UNTE
ACCOUNTING:PHD-R,PNRH,EXIN014,EXEU014
ACTSCI:BSC,UNTH,UNTO,UNTE
ACTSCI-F-4:BSC,UNTH,UNTO,UNTE
ACTSCI:PDIP-T,EXUK026,PNTO,PNTE
ACTSCI:PHD-R,PNRH,PNRO,PNRE
ACTSCIAP:MSC-T,EXUK029,PLTO,PLTE
ACTSCIAP-S-I:MSC-T,NAFNAP,EXIN034,EXEU034
ACTSCIAP-I:MSC-T,NAFNAP,EXIN034,EXEU034
ACTSCIAP-S:MSC-T,EXUK029,PLTO,PLTE
ACTSCI-S:BSC,UNTH,UNTO,UNTE
ACTSCI:MSC-T,EXUK026-NAP,PNTO-NAP,PNTE-NAP
ACTSCI-S:MSC-T,EXUK026-NAP,PNTO-NAP,PNTE-NAP
ADCHILDPROT(DL):MA-T,EXUK004,EXUK004,
ADCHILDPROT(DL):PDIP,EXUK011-NAF,EXUK011-NAF,
ADCHILDPROT(DL):PCRT,EXUK011-NAP,EXUK011-NAP,
ADCOENG(RFT):MSC-T,EXUK022,EXIN022,EXEU022
ADCOENG(WSN):MSC-T,EXUK022,EXIN022,EXEU022
ADCOMPSCI:MSC-T,EXUK022,PLTO,PLTE
ADCOMPSCI-I:MSC-T,PLTH,PLTO,PLTE
ADCOMPSCI-S:MSC-T,EXUK022,PLTO,PLTE
ADCOMPSCI-S-I:MSC-T,PLTH,PLTO,PLTE
ADCS(CCBD):MSC-T,EXUK022,PLTO,PLTE
ADCS(CCBD)-S:MSC-T,EXUK022,PLTO,PLTE
ADCS(CI):MSC-T,EXUK022,PLTO,PLTE
ADCS(CI)-I:MSC-T,PLTH,PLTO,PLTE
ADCS(CI)-S:MSC-T,EXUK022,PLTO,PLTE
ADCS(CI)-S-I:MSC-T,PLTH,PLTO,PLTE
ADSOFTDEV:MSC-T,EXUK022,PLTO,PLTE
ADSOFTDEV-I:MSC-T,PLTH,PLTO,PLTE
ADSOFTDEV-S:MSC-T,EXUK022,PLTO,PLTE
ADSOFTDEV-S-I:MSC-T,PLTH,PLTO,PLTE
ADSPH(ADDCP):MSC-T,EXUK014-NAF,EXUK014-NAF,
ADSPH(APDEN):MSC-T,EXUK003,NAFNAP,NAFNAP
ADSPH:MSC-T,EXUK003,NAFNAP,NAFNAP
ADSPH:PCERT-T,EXUK003,NAFNAP,NAFNAP
AGRICULECO:PHD-R,PNRH,PNRO,PNRE
AGRIENVECOPOL:MSC-T,PNTH,PNTO,PNTE
AMLITCULT:MA-T,PNTH,PNTO,PNTE
AMSTUD:BA,UNTH,UNTO,UNTE
AMSTUD:MA-R,PNRH,PNRO,PNRE
AMSTUD:MA-T,PNTH,PNTO,PNTE
AMSTUD:MPH-R,PNRH,PNRO,PNRE
AMSTUD:PHD-R,PNRH,PNRO,PNRE
AMSTUDHIS-A:BA,UNTH,UNTO,UNTE
AMSTUDLAT-A:BA,UNTH,UNTO,UNTE
AMSTUDLIT-A:BA,UNTH,UNTO,UNTE
ANALDEVDIS:PGDIP-T,EXUK009,EXIN009,EXEU009
ANALINTDEVDIS:MSC-T,EXUK035,PNTO,PNTE
ANC-MEDMODHIS:BA,UNTH,UNTO,UNTE
ANCMOD(ROME):MA-T,EXUK035-NAP,PNTO-NAP,PNTE-NAP
ANCIENT(ROME):MA-T,EXUK035-NAP,PNTO-NAP,PNTE-NAP
ANCIENT:BA,UNTH,UNTO,UNTE
ANCIENT:MA-T,PNTH,PNTO,PNTE
ANCGREHISARCH:MA-T,PNTH,PNTO,PNTE
ANCGHISARC(TAT):MA-T,EXUK035,EXIN013,EXEU013
ANT:BA,UNTH,UNTO,UNTE
ANT-A:BA,UNTH,UNTO,UNTE
ANT-S:BA,UNTH,UNTO,UNTE
ANT:BSC,ULTH,ULTO,ULTE
ANT:MA-R,PNRH,PNRO,PNRE
ANT:MA-T,PNTH,PNTO,PNTE
ANT:MSC-R,PNRH,PNRO,PNRE
ANT:PHD-R,PNRH,PNRO,PNRE
ANT-A:BSC,ULTH,ULTO,ULTE
ANT-S:BSC,ULTH,ULTO,ULTE
ANTCOMP:MA-T,PNTH,PNTO,PNTE
ANTCONF:MA-T,PNTH,PNTO,PNTE
ANTDEN-A:BA,UNTH,UNTO,UNTE
ANT-ECON:BA,UNTH,UNTO,UNTE
ANTEUR:MA-T,PNTH,PNTO,PNTE
ANTFIN-A:BA,UNTH,UNTO,UNTE
ANTFRE-A:BA,UNTH,UNTO,UNTE
ANTGER-A:BA,UNTH,UNTO,UNTE
ANT-HIS:BA,UNTH,UNTO,UNTE
ANTITAL-A:BA,UNTH,UNTO,UNTE
ANTJAP-A:BA,UNTH,UNTO,UNTE
ANTJAP-A:BSC,ULTH,ULTO,ULTE
ANTNETH-A:BA,UNTH,UNTO,UNTE
ANTHUMANENVMNT:MA-T,PNTH,PNTO,PNTE
ANT-POLITICS:BA,UNTH,UNTO,UNTE
ANT-SOCPOL:BA,UNTH,UNTO,UNTE
ANTSPN-A:BA,UNTH,UNTO,UNTE
ANTVISETH:MA-T,PNTH,PNTO,PNTE
APLINGTESOL:MA-T,PNTH,PNTO,PNTE
APPBEHAN(IDA):MSC-T,PNTH,PNTO-NAP,PNTE-NAP
APPBEHAN(IDA):PCRT-T,EXUK006-NAP,EXIN004-NAP,EXEUNAP
APPBEHAN(IDA):PDIP-T,EXUK010,EXIN009-NAP,EXEUNAP
APPBEHANAL:GCERT,EXUK007,EXIN006,EXEU006
APPBEHANAL:GDIP,EXUK016,EXIN013,EXEU013
APPECOINTDEV:MSC-T,PNTH,PNTO,PNTE
APPHLTHRES:MSC-T,PNTH,PNTO,PNTE
APPHLTHRES:PHD-R,PNRH,PNRO,PNRE
APPSPORTEXSCI:MSCI,ULTH,ULTO,ULTE
APPSYCLN-S:BSC,ULTH,ULTO,ULTE
APPSY-S:BSC,ULTH,ULTO,ULTE
APPSYTIZ:MPH-R,PNRH,PNRO,PNRE
APPSYTIZ:PHD-R,PNRH,PNRO,PNRE
APPTHEAT:MA-T,PNTH,PNTO,PNTE
ARCH:MA-T,PNTH,PNTO,PNTE
ARCHANT:BA,UNTH,UNTO,UNTE
ARCHCON:MSC-T,PNTH,PNTO,PNTE
ARCHITECTPRA:PDIP-T,EXUK010-NAF,EXIN009,EXEU009
ARCHITECTURE:BA,ULTH-NAP,ULTO-NAP,ULTE-NAP
ARCHITECTURE:MARCH,ULTH-NAP,ULTO-NAP,ULTE-NAP
ARCHITECTURE:PHD-R,PNRH,PNRO,PNRE
ARCHITVIS:MA-T,EXUK022-NAP,PLTO-NAP,PLTE-NAP
ARCHSUSTENV:MSC-T,PNTH,PNTO,PNTE
ARCHURDES:MA-T,PNTH-NAF,PNTO-NAF,PNTE-NAF
ARCHURDES(P):MA-T,EXUK022,PNTO,PNTE
ARCHURDES(TP):MA-T,EXUK035-NAP,PNTO-NAP,PNTE-NAP
ARTHIS:BA,UNTH,UNTO,UNTE
ARTHIS-CLASARCST:BA,UNTH,UNTO,UNTE
ARTHIS-EAMLIT:BA,UNTH,UNTO,UNTE
ARTHIS-FIL:BA,UNTH,UNTO,UNTE
ARTHIS-FRE-A:BA,UNTH,UNTO,UNTE
ARTHIS-GER-A:BA,UNTH-NAP,UNTO-NAP,UNTE-NAP
ARTHIS-HIS:BA,UNTH,UNTO,UNTE
ARTHIS-HISPA-A:BA,UNTH-NAP,UNTO-NAP,UNTE-NAP
ARTHIS-ITAL-A:BA,UNTH-NAP,UNTO-NAP,UNTE-NAP
ARTHIS-MEDIASTUD:BA,UNTH,UNTO,UNTE
ARTIFCLINTEL:BSC,ULTH,ULTO,ULTE
ARTIFCLINTEL-S:BSC,ULTH,ULTO,ULTE
ASIAN-CLASARCST:BA,UNTH,UNTO,UNTE
ASIAN-COMPLIT:BA,UNTH,UNTO,UNTE
ASIAN-EAMLIT:BA,NAFNAP,NAFNAP,NAFNAP
ASIAN-ELL:BA,UNTH,UNTO,UNTE
ASIAN-FRE-A:BA,UNTH-NAP,UNTO-NAP,UNTE-NAP
ASIAN-GER-A:BA,NAFNAP,NAFNAP,NAFNAP
ASIAN-HISPA-A:BA,UNTH-NAP,UNTO-NAP,UNTE-NAP
ASIAN-ITAL-A:BA,UNTH-NAP,UNTO-NAP,UNTE-NAP
ASIAN-PHIL:BA,UNTH,UNTO,UNTE
ASIAN-RS:BA,UNTH,UNTO,UNTE
ASSA:BSC,ULTH,ULTO,ULTE
ASSA-4:MPHYS,ULTH,ULTO,ULTE
ASSA-A:MPHYS,ULTH,ULTO,ULTE
ASSA-S:BSC,ULTH,ULTO,ULTE
AUTISMSTUD:BSC,UNTH,UNTO,UNTE
AUTISMSTUD:DIPHE,EXUK016,EXIN013,EXEU013
AUTISMSTUD:CERT,EXUK016,EXIN013,EXEU013
AUTISMSTUDDL:BSC,UNTH,UNTO,UNTE
AUTISMSTUDDL:CERT,EXUK016,EXIN013,EXEU013
AUTISMSTUDDL:FDA,EXUK016,EXIN013,EXEU013
AUTISMSTUD:GDIP,EXUK016,EXIN013,EXEU013
AUTISMSTUDDL:MA-T,EXUK012,EXIN007,EXEU007
AUTISMSTUDDL:PCRT-T,EXUK005,EXIN003,EXEU003
AUTISMSTUDDL:PDIP-T,EXUK008,EXIN005,EXEU005
AUTISMSTUDIES:MA-T,PNTH,PNTO-NAP,PNTE-NAP
AUTISMSTUDIES:PCRT-T,EXUK006,EXIN004-NAP,EXEUNAP
AUTISMSTUDIES:PDIP-T,EXUK010,EXIN009-NAP,EXEUNAP
BIOANT:MSC-R,PNRH,PNRO,PNRE
BIOANT:MSC-T,PNTH,PNTO,PNTE
BIOANTH:BSC,ULTH,ULTO,ULTE
BIOANTH-S:BSC,ULTH,ULTO,ULTE
BIOANTH-A:BSC,ULTH,ULTO,ULTE
BIOANTHUS-A:BSC,ULTH,ULTO,ULTE
BIOCH(V2)-A:BSC,ULTH,ULTO,ULTE
BIOCH:BSC,ULTH,ULTO,ULTE
BIOCH:MPH-R,PLRH,PLRO,PLRE
BIOCH:MSC-R,PLRH,PLRO,PLRE
BIOCH:PHD-R,PLRH,PLRO,PLRE
BIOCH-S:BSC,ULTH,ULTO,ULTE
BIODIGARCH:MSC-T,PNTH,PNTO,PNTE
BIODIV:MSC-R,PLRH,PLRO,PLRE
BIODIV:PHD-R,PLRH,PLRO,PLRE
BIOENG:BENG,ULTH,ULTO,ULTE
BIOENG-S:BENG,ULTH,ULTO,ULTE
BIOL(V2)-A:BSC,ULTH,ULTO,ULTE
BIOL:BSC,ULTH,ULTO,ULTE
BIOL-S:BSC,ULTH,ULTO,ULTE
BIOMED:MSC-T,PLTH,PLTO,PLTE
BIOMEDENG:BENG,ULTH,ULTO,ULTE
BIOMEDENG?F-4:BENG,ULTH,ULTO,ULTE
BIOMEDENG-S:BENG,ULTH,ULTO,ULTE
BIOMEDENG:MSC-R,PLRH,,0
BIOMEDENG:PHD-R,PLRH,,0
BIOMEDSCI(V2)-A:BSC,ULTH,ULTO,ULTE
BIOMEDSCI:BSC,ULTH,ULTO,ULTE
BIOMEDSCI-S:BSC,ULTH,ULTO,ULTE
BIOTECBIOENG:MSC-T,PLTH,PLTO,PLTE
BIOTECBUS:MSC-T,PLTH,PLTO,PLTE
BUSADMIN:BBA,UNTH,UNTO,UNTE
BUSADMIN-ELL:BA,UNTH,UNTO,UNTE
BUSADMIN-S:BBAI,UNTH-NAP,UNTO,UNTE
BUSANALY-S:MSC-T,EXUK002,EXIN012,EXEU012
BUSANALYTICS:BBA,UNTH,UNTO,UNTE
BUSANALYTICS-S:BBA,UNTH,UNTO,UNTE
BUSANALYTICS:MSC-T,EXUK023-NAP,EXIN008-NAP,EXEUNAP
BUSANLY(FIN):MSC-T,EXUK023-NAP,EXIN008-NAP,EXEUNAP
BUSANLY(SML):MSC-T,EXUK023-NAP,EXIN008-NAP,EXEUNAP
BUS-ECON:BA,UNTH,UNTO,UNTE
BUSINESS(TOPUP):BA,UNTH-NAP,UNTO,UNTE
BUSINESS-INFO:BSC,ULTH-NAP,ULTO-NAP,ULTE-NAP
BUSINESS-INFO-S:BSC,ULTH-NAP,ULTO-NAP,ULTE-NAP
BUSMAN(RETAIL)-S:BA,UNTH-NAP,UNTO,UNTE
BUSMANFIN:GDIP,UNTH,UNTO,UNTE
BUSPSY:BSC,ULTH,ULTO,ULTE
BUSPSY-S:BSC,ULTH,ULTO,ULTE
BUSTUD:BA,UNTH,UNTO,UNTE
BUSTUDI-A:BA,UNTH,UNTO,UNTE
BUSTUDI-S:BA,UNTH-NAP,UNTO,UNTE
CANCERBIO:MSC-T,PLTH,PLTO,PLTE
CANCERBIOTHE:MSC-T,PLTH,PLTO,PLTE
CARTCARIC:MA-R,PNRH,PNRO,PNRE
CARTCARIC:MPH-R,PNRH,PNRO,PNRE
CARTCARIC:PHD-R,PNRH,PNRO,PNRE
CELLBIO:MPH-R,PLRH,PLRO,PLRE
CELLBIO:MSC-R,PLRH,PLRO,PLRE
CELLBIO:PHD-R,PLRH,PLRO,PLRE
CGC:PHD-R,0,0,0
CHEM:MPH-R,PNRH,PLRO,PLRE
CHEM:MSC-R,PLRH,PLRO,PLRE
CHEM:PHD-R,PLRH,PLRO,PLRE
CHEMISTRY:BSC,ULTH,ULTO,ULTE
CHEMISTRY:MCHEM,ULTH,ULTO,ULTE
CHEMISTRY-F-4:BSC,ULTH,ULTO,ULTE
CHEMISTRY-S:BSC,ULTH,ULTO,ULTE
CIVILSOC:MA-T,PNTH,PNTO,PNTE
CIVILSOC:PDIP-T,EXUK010,EXIN009,EXEU009
CLASARCST:BA,UNTH,UNTO,UNTE
CLASARCST:PHD-R,PNRH,PNRO,PNRE
CLASARCST-COMPLIT:BA,UNTH,UNTO,UNTE
CLASARCST-DRA:BA,UNTH,UNTO,UNTE
CLASARCST-EAMLIT:BA,UNTH,UNTO,UNTE
CLASARCST-FIL:BA,UNTH,UNTO,UNTE
CLASARCST-FRE-A:BA,UNTH-NAP,UNTO-NAP,UNTE-NAP
CLASARCST-GER-A:BA,UNTH-NAP,UNTO-NAP,UNTE-NAP
CLASARCST-HISP-A:BA,UNTH,UNTO,UNTE
CLASARCST-HPA:BA,UNTH,UNTO,UNTE
CLASARCST-ITAL-A:BA,UNTH-NAP,UNTO-NAP,UNTE-NAP
CLASARCST-PHIL:BA,UNTH,UNTO,UNTE
CLASARCST-RS:BA,UNTH,UNTO,UNTE
CLASARCST-SPN-A:BA,UNTH-NAP,UNTO-NAP,UNTE-NAP
CLASSTUD:BA,UNTH,UNTO,UNTE
COGNEURO:MSC-T,PNTH,EXIN011,EXEU011
COGNEURO:PCERT-T,EXUK006,EXIN004,EXEU004
COGNEURO:PDIP-T,EXUK010,EXIN009,EXEU009
COGNEURO:PHD-R,PNRH,PNRO,PNRE
COMMCARE:MA-R,PNRH,PNRO,PNRE
COMMCARE:MPH-R,PNRH,PNRO,PNRE
COMMCARE:PHD-R,PNRH,PNRO,PNRE
COMPANI:MSC-T,EXUK022,EXIN022,EXEU022
COMP-BUSADMIN:BSC,ULTH,ULTO,ULTE
COMP-BUSADMIN-S:BSC,ULTH,ULTO,ULTE
COMPBIO:MSC-R,PLRH,PLRO,PLRE
COMPENTRE:MSC-T,PLTH,PLTO,PLTE
COMPENTRE-I:MSC-T,PLTH,PLTO,PLTE
COMPENTRE-S:MSC-T,PLTH,PLTO,PLTE
COMPENTRE-S-I:MSC-T,PLTH,PLTO,PLTE
COMP-FRE-A:BA,ULTH-NAP,ULTO-NAP,ULTE-NAP
COMP-GER-A:BA,ULTH-NAP,ULTO-NAP,ULTE-NAP
COMP-HIS:BA,ULTH,ULTO,ULTE
COMP-ITAL-A:BA,ULTH-NAP,ULTO-NAP,ULTE-NAP
COMPLIT(TP):MA-T,EXUK035-NAP,PNTO-NAP,PNTE-NAP
COMPLIT(YP):PHD,PNRH-NAP,PNTO-NAP,PNTE-NAP
COMPLIT:BA,UNTH,UNTO,UNTE
COMPLIT:MA-T,PNTH,PNTO,PNTE
COMPLIT:PHD-R,PNRH,PNRO,PNRE
COMPLIT-A:BA,UNTH,UNTO,UNTE
COMPLIT-DRA:BA,UNTH,UNTO,UNTE
COMPLIT-EAMLIT:BA,UNTH,UNTO,UNTE
COMPLIT-EAPCOL:BA,UNTH,UNTO,UNTE
COMPLIT-ELL:BA,UNTH,UNTO,UNTE
COMPLIT-FIL:BA,UNTH,UNTO,UNTE
COMPLIT-FRE-A:BA,UNTH-NAP,UNTO-NAP,UNTE-NAP
COMPLIT-GER-A:BA,UNTH-NAP,UNTO-NAP,UNTE-NAP
COMPLIT-HIS:BA,UNTH,UNTO,UNTE
COMPLIT-HPA:BA,UNTH,UNTO,UNTE
COMPLIT-HISP-A:BA,UNTH-NAP,UNTO-NAP,UNTE-NAP
COMPLIT-ITAL-A:BA,UNTH-NAP,UNTO-NAP,UNTE-NAP
COMPLIT-PHIL:BA,UNTH,UNTO,UNTE
COMPLIT-RS:BA,UNTH,UNTO,UNTE
COMPLIT-SPN-A:BA,UNTH-NAP,UNTO-NAP,UNTE-NAP
COMPOLIT:MA-R,,,0
COMPOLIT:PHD-R,,,0
COMP-PHIL:BA,ULTH,ULTO,ULTE
COMPBIO:PHD-R,PLRH,PLRO,PLRE
COMPSCI(AI):BSC,ULTH-NAP,ULTO-NAP,ULTE-NAP
COMPSCI(AI)-S:BSC,ULTH-NAP,ULTO-NAP,ULTE-NAP
COMPSCI(CON):BSC,ULTH,ULTO,ULTE
COMPSCI(CON)-S:BSC,ULTH,ULTO,ULTE
COMPSCI(NET):BSC,ULTH-NAP,ULTO-NAP,ULTE-NAP
COMPSCI(NET)-S:BSC,ULTH-NAP,ULTO-NAP,ULTE-NAP
COMPSCI:BSC,ULTH-NAP,ULTO-NAP,ULTE-NAP
COMPSCI:GDIP,ULTH,ULTO,ULTE
COMPSCIHEALTH:BSC,ULTH-NAP,ULTO-NAP,ULTE-NAP
COMPSCIHEALTH-S:BSC,ULTH-NAP,ULTO-NAP,ULTE-NAP
COMPSCI:MSC-R,PLRH,PLRO,PLRE
COMPSCI:MSC-T,EXUK022,PLTO,PLTE
COMPSCI-S:MSC-T,EXUK022,PLTO,PLTE
COMPSCI:PHD-R,PLRH,PLRO,PLRE
COMPSCI-I:MSC-T,PLTH,PLTO,PLTE
COMPSCI-S:BSC,ULTH-NAP,ULTO-NAP,ULTE-NAP
COMPSCI-S:BSC-P,ULTH,ULTO,ULTE
COMPSCI-S-I:MSC-T,PLTH,PLTO,PLTE
COMPSEC:MSC-T,EXUK022,PLTO,PLTE
COMPSEC-I:MSC-T,PLTH,PLTO,PLTE
COMPSEC-S:MSC-T,EXUK022,PLTO,PLTE
COMPSEC-S-I:MSC-T,PLTH,PLTO,PLTE
COMP-SPN-A:BA,ULTH-NAP,ULTO-NAP,ULTE-NAP
COMPUTING(CON):BSC,ULTH-NAP,ULTO-NAP,ULTE-NAP
COMPUTING(CON)-S:BSC,ULTH-NAP,ULTO-NAP,ULTE-NAP
COMPUTING:BSC,ULTH-NAP,ULTO-NAP,ULTE-NAP
COMPUTING-S:BSC,ULTH-NAP,ULTO-NAP,ULTE-NAP
CONBIO:MSC-T,EXUK029,EXIN027,EXEU027
CONINTWILD:MSC-T,EXUK029,EXIN027,EXEU027
CONPMAN:MSC-T,EXUK029,EXIN027,EXEU027
CONPRIMBEH:MSC-T,EXUK029,EXIN027,EXEU027
CONRURALDEV:MSC-T,EXUK029,EXIN027,EXEU027
CONTEMP(TP):MA-T,EXUK035-NAP,EXIN022-NAP,EXEUNAP
CONTEMPLIT:BA,UNTH,UNTO,UNTE
CONTEMPORARY:MA-T,PNTH,PLTO,PLTE
CONTNOVEL:MA-R,PNRH,PNRO,PNRE
CONTNOVEL:PHD-R,PNRH,PNRO,PNRE
CONTOUR:MSC-T,EXUK029,EXIN027,EXEU027
CONTPERFPRAC:MA-T,PNTH,PNTO,PNTE
CREATEPROD:MA-T,PNTH,PNTO,PNTE
CRIM:MA-R,PNRH,PNRO,PNRE
CRIM:MPH-R,PNRH,PNRO,PNRE
CRIM:PHD-R,PNRH,PNRO,PNRE
CRIM-CULTSTUD:BA,UNTH,UNTO,UNTE
CRIM/QUANT:BA,UNTH,UNTO,UNTE
CRIMINOLOGY:BA,UNTH,UNTO,UNTE
CRIMINOLOGY:MA-T,PNTH,PNTO,PNTE
CRIMINOLOGY2:MA-T,EXUK027-NAP,EXIN015,EXEU015
CRIMINOLOGYSA:MA-T,PNTH,PNTO,PNTE
CRIMJUSTCRIM:BA,UNTH,UNTO,UNTE
CRIM-SOC:BA,UNTH,UNTO,UNTE
CRIM-SOCPOL:BA,UNTH,UNTO,UNTE
CRITTHEOR:MA-T,PNTH,PNTO,PNTE
CSENG:BENG,ULTH,ULTO,ULTE
CSENG:MENG,ULTH,ULTO,ULTE
CSENG-F-4:BENG,ULTH,ULTO,ULTE
CSENG-S:BENG,ULTH,ULTO,ULTE
CSENG-S:MENG,ULTH,ULTO,ULTE
CSTUDMED/JOURN:BA,UNTH,UNTO,UNTE
CSTUDMED-JOURN:BA,UNTH,UNTO,UNTE
CULTSTUD:BA,UNTH,UNTO,UNTE
CULTSTUD-ANT:BA,UNTH,UNTO,UNTE
CULTSTUD-COMPLIT:BA,NAFNAP,NAFNAP,NAFNAP
CULTSTUD-ARTHIS:BA,UNTH,UNTO,UNTE
CULTSTUD-HPA:BA,UNTH,UNTO,UNTE
CULTSTUDMEDIA:BA,UNTH,UNTO,UNTE
CURATING:MA-T,PNTH,PNTO,PNTE
CWRITING(TP):MA-T,EXUK035-NAP,PNTO-NAP,PNTE-NAP
CWRITING:MA-T,PNTH,PNTO,PNTE
CWRITING(P):MA-T,EXPA001,EXPA002,
CWRITING(P)2:MA-T,EXPA003,EXPA004,
CWRITINGPARIS:MA-T,PNTH,PNTO,PNTE
CYBSEC:BSC,ULTH,ULTO,ULTE
CYBSEC-S:BSC,ULTH,ULTO,ULTE
CYBSEC:MSC-T,EXUK022,PLTO,PLTE
CYBSEC-S:MSC-T,EXUK022,PLTO,PLTE
DEVPSY:MSC-T,PNTH,EXIN011,EXEU011
DIGARTS:BA,ULTH,ULTO,ULTE
DIGARTS:MART,ULTH,ULTO,ULTE
DIGARTS:MPH-R,PLRH,PLRO,PLRE
DIGARTS:MSC-R,PLRH,,0
DIGARTS:PHD-R,PLRH,,0
DIGARTS-S:BA,ULTH,ULTO,ULTE
DIGARTS-S:MART,ULTH,ULTO,ULTE
DIGIMARKET:MSC-T,EXUK023-NAP,EXIN008-NAP,EXEUNAP
DIGVISEFF:MSC-T,EXUK022,EXIN022,EXEU022
DRA-ELL:BA,UNTH,UNTO,UNTE
DRA-FIL:BA,ULTH-NAP,ULTO-NAP,ULTE-NAP
DRA-FRE-A:BA,UNTH-NAP,UNTO-NAP,UNTE-NAP
DRA-GER-A:BA,UNTH-NAP,UNTO-NAP,UNTE-NAP
DRA-HIS:BA,UNTH,UNTO,UNTE
DRA-HPA:BA,UNTH-NAP,UNTO-NAP,UNTE-NAP
DRA-ITAL-A:BA,UNTH-NAP,UNTO-NAP,UNTE-NAP
DRAMA:MA-R,PNRH,PNTO,PNTE
DRAMA:PHD-R,PNRH,PNTO,PNTE
DRAMA-EAMLIT:BA,UNTH,UNTO,UNTE
DRAMAPRAC:MA-R,PNTH,PNTO,PNTE
DRAMAPRAC:PHD-R,PNTH,PNTO,PNTE
DRAMATHEAT:BA,ULTH,ULTO,ULTE
DRAMATHEATPHYS:MA-T,UNTH,UNTO,UNTE
DRAMATT-ARTHIS:BA,UNTH,UNTO,UNTE
DRA-PHIL:BA,UNTH,UNTO,UNTE
DRA-RS:BA,UNTH-NAP,UNTO-NAP,UNTE-NAP
DRA-SPN-A:BA,UNTH-NAP,UNTO-NAP,UNTE-NAP
DRUGDES:MSC-T,PLTH,PLTO,PLTE
DEVECON:MSC-T,EXUK022,EXIN034,EXEU034
DVCULT:MA-T,PNTH,PNTO,PNTE
DEVPSY:PCERT-T,EXUK006,EXIN004,EXEU004
DEVPSY:PDIP-T,EXUK010,EXIN009,EXEU009
EAMLIT(TP):MA-T,EXUK035-NAP,PNTO-NAP,PNTE-NAP
EAMLIT(P):MA-T,EXPA001,EXPA002-NAP,
EAMLIT(P)2:MA-T,EXPA003,EXPA004,
EAMLIT:BA,UNTH,UNTO,UNTE
EAMLIT:MA-T,PNTH,PNTO,PNTE
EAMLIT-A:BA,UNTH,UNTO,UNTE
EAMLITCW:BA,UNTH,UNTO,UNTE
EAMLITCW-A:BA,UNTH,UNTO,UNTE
EAMLIT-ELL:BA,UNTH,UNTO,UNTE
EAMLIT-FIL:BA,UNTH-NAP,UNTO-NAP,UNTE-NAP
EAMLIT-FRE-A:BA,UNTH-NAP,UNTO-NAP,UNTE-NAP
EAMLIT-GER-A:BA,UNTH-NAP,UNTO-NAP,UNTE-NAP
EAMLIT-HIS:BA,UNTH,UNTO,UNTE
EAMLIT-HPA:BA,UNTH-NAP,UNTO-NAP,UNTE-NAP
EAMLIT-ITAL-A:BA,UNTH-NAP,UNTO-NAP,UNTE-NAP
EAMLIT-JOURN:BA,UNTH,UNTO,UNTE
EAMLIT(P):MA-T,EXPA001,EXPA002,
EAMLITPARIS:MA-T,UNTH,UNTO,UNTE
EAMLIT-PHIL:BA,UNTH,UNTO,UNTE
EAMLIT-RS:BA,NAFNAP,NAFNAP,NAFNAP
EAMLIT-SOC:BA,UNTH-NAP,UNTO-NAP,UNTE-NAP
EAMLIT-SPN-A:BA,UNTH-NAP,UNTO-NAP,UNTE-NAP
EAPCOL:BA,UNTH,UNTO,UNTE
EAPCOL-A:BA,UNTH,UNTO,UNTE
EAPCOL-FIL:BA,UNTH,UNTO,UNTE
EAPCOL-HIS:BA,UNTH,UNTO,UNTE
ECECMET:MSC-T,EXUK022,EXIN034,EXEU034
ECON(CONV):MSC-T,EXUK022,EXIN034,EXEU034
ECON(CONV):PDIP,UNTH,UNTO,UNTE
ECON/COMP:BSC,UNTH,UNTO,UNTE
ECON:BSC,UNTH,UNTO,UNTE
ECON:MSC-T,EXUK022,EXIN034,EXEU034
ECON:PHD-R,PNRH,PNRO,PNRE
ECONECMET:BSC,UNTH,UNTO,UNTE
ECON-A:BSC,UNTH,UNTO,UNTE
ECON-FIN:MSC-T,PNTH,PNTO,PNTE
ECON-MANAGEMENT:BA,UNTH,UNTO,UNTE
ECON-MANAGEMENT-S:BA,UNTH,UNTO,UNTE
ECONLANG/SPN:BSC,UNTH,UNTO,UNTE
ECONOMICS-S:BSC,UNTH,UNTO,UNTE
ECON-POLITICS:BA,UNTH,UNTO,UNTE
ECON-POLITICS-S:BA,UNTH,UNTO,UNTE
EIGHTEEN(PARIS):MA-T,EXUK035-NAP,PNTO-NAP,PNTE-NAP
EIGHTEEN(TP):MA-T,EXUK035-NAP,PNTO-NAP,PNTE-NAP
EIGHTEEN:MA-T,PNTH,PNTO,PNTE
ELCOMENG:BENG,ULTH,ULTO,ULTE
ELCOMENG:MENG,ULTH,ULTO,ULTE
ELCOMENG-F-4:BENG,ULTH,ULTO,ULTE
ELCOMENG-S:BENG,ULTH,ULTO,ULTE
ELCOMENG-S:MENG,ULTH,ULTO,ULTE
ELEC:MPH-R,PLRH,PLRO,PLRE
ELEC:MSC-R,PLRH,,0
ELEC:PHD-R,PLRH,,0
ELECOMPSYST:BENG,ULTH,ULTO,ULTE
ELECSYSENG:MSC-T,EXUK022,EXIN022,EXEU022
ELL:BA,UNTH,UNTO,UNTE
ELL-MANAGEMT:BA,UNTH,UNTO,UNTE
ENG:MA-R,PNRH,PNRO,PNRE
ENG:PHD-R,PNRH,PNRO,PNRE
ENGFIN:MSC-T,EXUK025,PLTO,PLTE
ENGFRELAW-A:LLB,UNTH,EXIN034,EXEU034
ENGGERLAW-A:LLB,UNTH,EXIN034,EXEU034
ENGINEERING:ENGD-R,PLRH,PLRO,PLRE
ENGITALLAW-A:LLB,UNTH,EXIN034,EXEU034
ENGLIT:BA,UNTH,UNTO,UNTE
ENGLIT-A:BA,UNTH,UNTO,UNTE
ENGLIT-FIL:BA,UNTH,UNTO,UNTE
ENGLIT-JOURN:BA,UNTH,UNTO,UNTE
ENGLITCW:BA,UNTH,UNTO,UNTE
ENGLITCW-A:BA,UNTH,UNTO,UNTE
ENGLITCW-S:BA,UNTH,UNTO,UNTE
ENGPOSTCOL:BA,UNTH,UNTO,UNTE
ENGPOSTCOL-S:BA,UNTH,UNTO,UNTE
ENGSPNLAW-A:LLB,UNTH,EXIN034,EXEU034
ENVANTH:MA-T,PNTH,PNTO,PNTE
ENVANTH:MSC-T,EXUK024,PLTO,PLTE
ENVIROSOCSCI:BA,UNTH,UNTO,UNTE
ENVIROSOCSCI-S:BA,UNTH,UNTO,UNTE
ENVIROSTUD:BA,UNTH,UNTO,UNTE
ENVSOCSCI:MPH-R,PNRH,PNRO,PNRE
ENVSOCSCI:MSC-R,PNRH,PNRO,PNRE
ENVSOCSCI:MSC-T,PNTH,PNTO,PNTE
ENVSOCSCI:PHD-R,PNRH,PNRO,PNRE
ETHNOBIOL:MSC-R,PNRH,PNRO,PNRE
ETHNOBIOL:PHD-R,PNRH,PNRO,PNRE
ETHNOBOT:MSC-T,EXUK024,PLTO,PLTE
EUIRDIP:PDIP-T,EXUK010,EXIN009,EXEU009
EUIRDIP:MA-T,PNTH,PNTO,PNTE
EURARTSHPA-A:BA,UNTH,UNTO,UNTE
EURCULT(P):MA-T,EXPA001,EXPA002,
EURCULT(P)2:MA-T,EXPA003,EXPA004,
EURECON-A:BSC,UNTH,UNTO,UNTE
EURECONFRE-A:BSC,UNTH,UNTO,UNTE
EURECONGER-A:BSC,UNTH,UNTO,UNTE
EURECONSPN-A:BSC,UNTH,UNTO,UNTE
EUREXTREL:MA-T,EXBR001,EXBR001,
EUREXTREL2:MA-T,EXBR002,EXBR002,
EURLEGST-A:LLB,UNTH,EXIN034,EXEU034
EUROGLOGOV:MA-T,PNTH,PNTO,PNTE
EUROGLOGOV:PDIP-T,EXUK010,EXIN009,EXEU009
EUROGLOGOV2:MA-T,EXUK010,EXIN009,EXEU009
EUROHIS-A:BA,UNTH,UNTO,UNTE
EURSTGER-A:BA,UNTH-NAP,UNTO-NAP,UNTE-NAP
EURSTITAL-A:BA,UNTH-NAP,UNTO-NAP,UNTE-NAP
EURSTSPN-A:BA,UNTH-NAP,UNTO-NAP,UNTE-NAP
EURTHD:MA-T,EXUK035-NAP,PNTO-NAP,PNTE-NAP
EURTHD(TP):MA-T,EXUK035-NAP,PNTO-NAP,PNTE-NAP
EURTHEATRE:MA-T,PNTH,PNTO,PNTE
EURTHEATRE(TP):MA-T,EXUK035-NAP,PNTO-NAP,PNTE-NAP
EURTHDPARIS:MA-T,UNTH-NAP,UNTO-NAP,UNTE-NAP
EUSTUD(FR)-A:BA,UNTH-NAP,UNTO-NAP,UNTE-NAP
EUSTUDCOM-A:BA,UNTH-NAP,UNTO-NAP,UNTE-NAP
EVENT:BA,UNTH,UNTO,UNTE
EVENT:MA-T,PLTH,PLTO,PLTE
EVENTMAN:BA,UNTH,UNTO,UNTE
EVOLHUMBEH:MSC-T,PNTH,PNTO,PNTE
FIL:BA,ULTH,ULTO,ULTE
FIL-A:BA,ULTH,ULTO,ULTE
FIL-FRE-A:BA,UNTH-NAP,UNTO-NAP,UNTE-NAP
FIL-GER-A:BA,UNTH-NAP,UNTO-NAP,UNTE-NAP
FIL-HIS:BA,UNTH,UNTO,UNTE
FIL-HPA:BA,UNTH-NAP,UNTO-NAP,UNTE-NAP
FIL-ITAL-A:BA,UNTH-NAP,UNTO-NAP,UNTE-NAP
FILM(PARIS):MA-T,PNTH,PNTO,PNTE
FILM:MA-T,PNTH,PNTO,PNTE
FILM(P):MA-T,EXPA001,EXPA002,
FILM(P)2:MA-T,EXPA003,EXPA004,
FILM(TP):MA-T,EXUK035-NAP,PNTO-NAP,PNTE-NAP
FILM:PHD-R,PNRH,PNRO,PNRE
FILMCULTSTUD:BA,UNTH,UNTO,UNTE
FILMPRAC:MA-R,PNTH,PNTO,PNTE
FILMPRAC:MA-T,PNTH,PNTO,PNTE
FILMPRAC:PHD-R,PNTH,PNTO,PNTE
FIL-MEDIASTUD:BA,UNTH,UNTO,UNTE
FIL-PHIL:BA,UNTH,UNTO,UNTE
FIL-RS:BA,UNTH,UNTO,UNTE
FIL-S:BA,ULTH,ULTO,ULTE
FIL-SPN-A:BA,UNTH-NAP,UNTO-NAP,UNTE-NAP
FINANCE:PHD-R,PNRH,EXIN014,EXEU014
FINEART:BA,UNTH,UNTO,UNTE
FINEART:PHD-R,PNRH,PNRO,PNRE
FINECON:BSC,UNTH,UNTO,UNTE
FINECON:MSC-T,EXUK022,EXIN034,EXEU034
FINECONECMET:BSC,UNTH,UNTO,UNTE
FINECONECMET:MSC-T,PNTH,PNTO,PNTE
FIN(INTACC):MSC-T,EXUK023-NAP,EXIN008-NAP,EXEUNAP
FIN(FINMGT):MSC-T,EXUK023-NAP,EXIN008-NAP,EXEUNAP
FIN(FINMKT):MSC-T,EXUK023-NAP,EXIN008-NAP,EXEUNAP
FIN(FINIR):MSC-T,EXUK023-NAP,EXIN008-NAP,EXEUNAP
FIN(IBANKFIN):MSC-T,EXUK023-NAP,EXIN008-NAP,EXEUNAP
FINIR-I:MSC-T,EXUK023,EXIN008-NAP,EXEUNAP
FININV:BSC,UNTH,UNTO,UNTE
FININV-A:BSC,UNTH,UNTO,UNTE
FININV-S:BSC,UNTH,UNTO,UNTE
FINMATHS:BSC,UNTH,UNTO,UNTE
FINMATHS-S:BSC,UNTH,UNTO,UNTE
FOOSTFRM:MSC-T,EXUK042,PLTO,PLTE
FOPSY:MSC-T,EXUK036,EXIN016,EXEU016
FOPSY:PCERT-T,EXUK038,PLTO,PLTE
FOPSY:PDIP-T,EXUK037,PLTO,PLTE
FOPSY:PHD-R,PNRH,PNRO,PNRE
FORENSIC/CHEM:BSC,ULTH,ULTO,ULTE
FORENSIC/CHEM:MSCI,ULTH,ULTO,ULTE
FORENSIC:BSC,ULTH,ULTO,ULTE
FORENSIC:GDIP-T,ULTH,ULTO,ULTE
FORENSIC:MSCI,ULTH,ULTO,ULTE
FORENSIC:MSC-T,PLTH,PLTO,PLTE
FORENSICCHEM-S:BSC,ULTH,ULTO,ULTE
FORENSIC-A:BSC,ULTH,ULTO,ULTE
FORENSIC-F-4:BSC,ULTH,ULTO,ULTE
FORENSIC-S:BSC,ULTH,ULTO,ULTE
FOUNDBIO(MEDCH):CRDT,UNTH-NAP,UNTO-NAP,UNTE-NAP
FOUNDBIO(PHARM):CRDT,UNTH-NAP,UNTO,UNTE
FOUNDBIOSCI-F-4:CRDT,UNTH-NAP,UNTO-NAP,UNTE-NAP
FOUNDCHEMFORENS:CRDT,UNTH-NAP,UNTO-NAP,UNTE-NAP
FOUNDCOMP(ITW):CRDT,UNTH-NAP,UNTO-NAP,UNTE-NAP
FOUNDELEC(EENG):CRDT,UNTH-NAP,UNTO,UNTE
FOUNDH(HUMS):CRDT,UNTH-NAP,UNTO-NAP,UNTE-NAP
FOUNDH(ARCAR)J:CRDT,UNTH-NAP,UNTO-NAP,UNTE-NAP
FOUNDPHYS:CRDT,UNTH-NAP,UNTO,UNTE
FOUNDS(SOCSCI):CRDT,UNTH-NAP,UNTO,UNTE
FOUNDS-F-4(JAN):CRDT,UNTH-NAP,UNTO-NAP,UNTE-NAP
FRE(1)-A:BA,UNTH-NAP,UNTO-NAP,UNTE-NAP
FRE:PHD-R,PNRH,PNRO,PNRE
FRE-BUSADMIN-A:BA,EXUK022,PNTO,PNTE
FRE-CLS(PARIS):MA-T,EXUK035-NAP,PNTO-NAP,PNTE-NAP
FRE-CLS(TP):MA-T,EXUK035-NAP,PNTO-NAP,PNTE-NAP
FRE-CLS:MA-T,PNTH,PNTO,PNTE
FRE-CLS:PHD-R,PNRH,PNRO,PNRE
FRE-ELL-A:BA,UNTH-NAP,UNTO-NAP,UNTE-NAP
FRE-GER-A:BA,UNTH-NAP,UNTO-NAP,UNTE-NAP
FRE-HIS-A:BA,UNTH-NAP,UNTO-NAP,UNTE-NAP
FRE-HISP-A:BA,UNTH-NAP,UNTO-NAP,UNTE-NAP
FRE-HPA-A:BA,UNTH-NAP,UNTO-NAP,UNTE-NAP
FRE-ITAL-A:BA,UNTH-NAP,UNTO-NAP,UNTE-NAP
FRE-MANAGEMT-A:BA,UNTH-NAP,UNTO-NAP,UNTE-NAP
FRE-PHIL-A:BA,NAFNAP,NAFNAP,NAFNAP
FRE-RS-A:BA,UNTH-NAP,UNTO-NAP,UNTE-NAP
FRE-SPN-A:BA,UNTH-NAP,UNTO-NAP,UNTE-NAP
FRE(YP):PHD-R,PNRH-NAP,PNTO-NAP,PNTE-NAP
FWWARSTUD:MA-T,EXUK022,PNTO,PNTE
GEN:MPH-R,PLRH,PLRO,PLRE
GEN:MSC-R,PLRH,PLRO,PLRE
GEN:PHD-R,PLRH,PLRO,PLRE
GER:PHD-R,PNRH,PNRO,PNRE
GER-A:BA,UNTH-NAP,UNTO-NAP,UNTE-NAP
GER-BUSADMIN-A:BA,UNTH,UNTO,UNTE
GER-CLS:MA-T,PNTH,PNTO,PNTE
GERCOMPLIT:PHD-R,PNRH,PNRO,PNRE
GER-ELL-A:BA,NAFNAP,NAFNAP,NAFNAP
GER-HIS-A:BA,UNTH-NAP,UNTO-NAP,UNTE-NAP
GER-HISP-A:BA,UNTH-NAP,UNTO-NAP,UNTE-NAP
GER-HPA-A:BA,UNTH-NAP,UNTO-NAP,UNTE-NAP
GER-ITAL-A:BA,UNTH-NAP,UNTO-NAP,UNTE-NAP
GER-MANAGEMT-A:BA,UNTH-NAP,UNTO-NAP,UNTE-NAP
GER-PHIL-A:BA,NAFNAP,NAFNAP,NAFNAP
GER-RS-A:BA,UNTH-NAP,UNTO-NAP,UNTE-NAP
GER-SPN-A:BA,UNTH-NAP,UNTO-NAP,UNTE-NAP
GLOBALPHIL:BA,UNTH,UNTO,UNTE
GRPPRO:MSC-T,PNTH,EXIN011,EXEU011
GRPPRO:PDIP-T,EXUK010,EXIN009,EXEU009
HA(ROME):MA-T,EXUK035-NAP,PNTO-NAP,PNTE-NAP
HEALTHCARE:BA,UNTH,UNTO,UNTE
HEALTHCAREMAN:MSC-T,EXUK041,EXIN033-NAP,EXEUNAP
HERITMAN:MA-T,NAFNAP,NAFNAP,NAFNAP
HIGHED:MA-T,PNTH,PNTO,PNTE
HIGHED:PCRT-T,,,0
HIGHED:PDIP-T,PNTH,PNTO,PNTE
HIGHED:PHD-R,PNRH,PNRO,PNRE
HIS(PARIS):PHD-R,EXUK035-NAP,PNTO-NAP,PNTE-NAP
HIS(P):PHD-R,EXPA001,EXPA002,
HIS:BA,UNTH,UNTO,UNTE
HIS:MA-R,PNRH,PNRO,PNRE
HIS:PHD-R,PNRH,PNRO,PNRE
HIS-ANT:BA,UNTH,UNTO,UNTE
HIS-ARCHST:BA,UNTH,UNTO,UNTE
HIS-ELL:BA,UNTH,UNTO,UNTE
HIS-HPA:BA,UNTH-NAP,UNTO-NAP,UNTE-NAP
HIS-ITAL-A:BA,UNTH-NAP,UNTO-NAP,UNTE-NAP
HISMEDHEALTH:MA-T,PNTH,PNTO,PNTE
HISPA:PHD-R,PNRH,PNRO,PNRE
HISPANSTUD-A:BA,UNTH-NAP,UNTO-NAP,UNTE-NAP
HIS-PHIL:BA,UNTH,UNTO,UNTE
HIS-POLITICS:BA,UNTH,UNTO,UNTE
HIS-RS:BA,UNTH,UNTO,UNTE
HISP-DRA-A:BA,UNTH,UNTO,UNTE
HISP-EAMLIT-A:BA,UNTH-NAP,UNTO-NAP,UNTE-NAP
HISP-FIL-A:BA,UNTH,UNTO,UNTE
HISP-HIS-A:BA,UNTH,UNTO,UNTE
HISP-MANAGEMT-A:BA,UNTH-NAP,UNTO-NAP,UNTE-NAP
HISSMET:MA-T,PNTH,PNTO,PNTE
HIS-SPN-A:BA,UNTH-NAP,UNTO-NAP,UNTE-NAP
HPA(P):MA-T,EXPA001,EXPA002,
HPA(P)2:MA-T,EXPA003,EXPA004,
HPA(ROME):MA-T,EXUK035-NAP,PNTO-NAP,PNTE-NAP
HPA(TP):MA-T,EXUK035-NAP,PNTO-NAP,PNTE-NAP
HPA(YP):MA-T,PNTO,PNTO,PNTE
HPA:BA,UNTH,UNTO,UNTE
HPA:MA-T,PNTH,PNTO,PNTE
HPA:PHD-R,PNRH,PNRO,PNRE
HPA-A:BA,UNTH,UNTO,UNTE
HPA-ITAL-A:BA,UNTH,UNTO,UNTE
HPA-PHIL:BA,UNTH,UNTO,UNTE
HPA-SPN-A:BA,UNTH-NAP,UNTO,UNTE
HUMANGEOG:BSC,,,0
HUMANGEOG:MSC-R,PLRH,,0
HUMANGEOG:PHD-R,PLRH,,0
HUMANGEOG-S:BSC,UNTH,UNTO,UNTE
HUMECOLOGY:BSC,UNTH,UNTO,UNTE
HUMECOLOGY-S:BSC,UNTH,UNTO,UNTE
HUMRS:MSC-T,EXUK023,EXIN008-NAP,EXEUNAP
HUMRTLAW:LLM-T,EXBR001,EXBR001,
HUMRTLAW2:LLM-T,EXBR002,EXBR002,
ICA:MA-R,,,0
ICA:PHD-R,,,0
ICA2:MA-T,EXUK010,EXIN009,EXEU009
ICAN:MA-T,PNTH,PNTO,PNTE
ICAN:PDIP-T,EXUK010,EXIN009,EXEU009
ICIRDESENG:MSC-T,EXUK022,EXIN022,EXEU022
ILAW:LLM-T,EXBR001,EXBR001,
ILAW2:LLM-T,EXBR002,EXBR002,
IMPHIS:MA-T,PNTH,PNTO,PNTE
INDREL:PHD-R,PNRH,PNRO,PNRE
INFDISEASES:MSC-T,PLTH,PLTO,PLTE
INFOSEC-BIOMET:MSC-T,EXUK022,EXIN022,EXEU022
INFOTECH(CON)-S:BSC,ULTH,ULTO,ULTE
INTBUS:BA,UNTH,UNTO,UNTE
INTBUS:BSC,UNTH,UNTO,UNTE
INTBUS-A:BSC,UNTH-NAP,UNTO,UNTE
INTBUS-S:BA,UNTH,UNTO,UNTE
INTBUS-S:BSC,UNTH-NAP,UNTO,UNTE
INTBUSSPORT:MA-T,EXUK022,EXIN011,EXEU011
INTDEVDIS:MA-R,PNRH,PNRO-NAP,PNRE-NAP
INTDEVDIS:MA-T,PNTH,PNTO-NAP,PNTE-NAP
INTDEVDIS:PCRT-T,EXUK006,EXIN004-NAP,EXEUNAP
INTDEVDIS:PGDIP-T,EXUK010,EXIN009-NAP,EXEUNAP
INTDEVDIS:PHD-R,PNRH,PNRO,PNRE
INTDEVDISDL:MA-T,EXUK012,EXIN007,EXEU007
INTDEVDISDL:PCRT-T,EXUK005,EXIN003,EXEU003
INTDEVDISDL:PDIP-T,EXUK008,EXIN005,EXEU005
INTDEVDISFOR:MA-T,PNTH,PNTO-NAP,PNTE-NAP
INTDEVDISFOR:MSC-T,EXUK035,PNTO,PNTE
INTDEVELOP2:MA-T,EXBR001,EXBR001,
INTELDEVDIS:BSC,UNTH,UNTO,UNTE
INTELDEVDIS:FDSC,EXUK016,EXIN013,EXEU013
INTFINECON:MSC-T,EXUK022,EXIN034,EXEU034
INTFINDEV:MSC-T,PNTH,PNTO,PNTE
INTHERITLAW:MA-T,PNTH,PNTO,PNTE
INTHUMRS:MSC-T,EXUK023-NAP,EXIN008-NAP,EXEUNAP
INTLACCF:MSC-T,EXUK023-NAP,EXIN008-NAP,EXEUNAP
INTLBUSECDEV:MSC-T,EXUK023,EXIN008-NAP,EXEUNAP
INTLCONSEC:MA-T,EXBR001,EXBR001,
INTLCONSEC2:MA-T,EXBR002,EXBR002,
INTLDEVELOP:MA-T,EXBR001,EXBR001,
INTDEVELOP2:MA-T,EXBR002,EXBR002,
INTLEGALSTUD-A:LLB,UNTH,EXIN034,EXEU034
INTMGTMGTENG:GDIP,UNTH-NAP,UNTO-NAP,UNTE-NAP
INTMIGRAT:MA-T,EXBR001,EXBR001,
INTMIGRAT2:MA-T,EXBR002,EXBR002,
INTMULMEDJOU:MA-T,PNTH-NAP,EXIN034-NAP,EXEUNAP
INTNLACC:MSC-T,EXUK023,EXIN008-NAP,EXEUNAP
INTREL:MA-R,,,0
INTREL:PHD-R,,,0
INTREL-INTLAW:MA-T,PNTH,PNTO,PNTE
INTREL-INTLAW:PDIP-T,EXUK010,EXIN009,EXEU009
INTREL-INTLAW2:MA-T,EXUK010,EXIN009,EXEU009
INTRELJAP-A:BA,UNTH-NAP,UNTO-NAP,UNTE-NAP
INTRELN:MA-T,,,0
INTRELN2:MA-T,,,0
INTRELNINT:MA-T,EXUK010,EXIN009,EXEU009
INTSOCPOL:MA-T,PNTH,PNTO,PNTE
INTSOCPOL:PDIP-T,EXUK013,EXIN013,EXEU013
INTSOCPOL2:MA-T,EXUK027,EXIN015,EXEU015
IPE:MA-T,EXBR001,EXBR001,
IPE2:MA-T,EXBR002,EXBR002,
ITAL:PHD-R,PNRH,PNRO,PNRE
ITAL-A:BA,UNTH-NAP,UNTO-NAP,UNTE-NAP
ITAL-BUSADMIN-A:BA,UNTH,UNTO,UNTE
ITAL-ELL-A:BA,UNTH-NAP,UNTO-NAP,UNTE-NAP
ITAL-HISP-A:BA,UNTH-NAP,UNTO-NAP,UNTE-NAP
ITAL-MANAGEMT-A:BA,UNTH-NAP,UNTO-NAP,UNTE-NAP
ITAL-PHIL-A:BA,UNTH-NAP,UNTO,UNTE
ITAL-RS-A:BA,UNTH-NAP,UNTO-NAP,UNTE-NAP
ITAL-SPN-A:BA,UNTH-NAP,UNTO-NAP,UNTE-NAP
ITCONSULT:MSC-T,PLTH,PLTO,PLTE
ITCONSULT-I:MSC-T,PLTH,PLTO,PLTE
ITCONSULT-S:MSC-T,PLTH,PLTO,PLTE
ITCONSULT-S-I:MSC-T,PLTH,PLTO,PLTE
JOURNALISM:BA,UNTH,UNTO,UNTE
JOURNALISM:MA-R,PNRH,PNRO,PNRE
JOURNALISM:MPH-R,PNRH,PNRO,PNRE
JOURNALISM:PHD-R,PNRH,PNRO,PNRE
LANGLIT:MA-T,PNTH,PNTO,PNTE
LAW(CANT):CERT,UNTH,UNTO,UNTE
LAW(CERT):LLB,UNTH,EXIN034,EXEU034
LAW(MEDWAY):CERT,UNTH,UNTO,UNTE
LAW:LLB,UNTH,EXIN034,EXEU034
LAW:LLM-R,PNRH,PNRO,PNRE
LAW:LLM-T,EXUK021,EXIN034,EXEU034
LAW:MPH-R,PNRH,PNRO,PNRE
LAW:PCRT-T,EXUK040,EXIN032,EXEU032
LAW:PDIP-T,EXUK039,EXIN031,EXEU031
LAW:PHD-R,0,0,0
LAW-ACCF-4:BA,UNTH,UNTO,UNTE
LAW-ANT:BA,UNTH,UNTO,UNTE
LAW-BUSADMIN:BA,UNTH,UNTO,UNTE
LAW-CRIM:BA,UNTH,UNTO,UNTE
LAW-CRIM:LLB,UNTH,EXIN034,EXEU034
LAW-ECON:BA,UNTH,UNTO,UNTE
LAW-ECON:LLB,UNTH,EXIN034,EXEU034
LAW-ENGLIT:BA,UNTH,UNTO,UNTE
LAW-ENGLIT:LLB,UNTH,EXIN034,EXEU034
LAW-ERASMUS:LLM-T,EXUK021,PNTO,PNTE
LAW-HIS:LLB,UNTH,EXIN034,EXEU034
LAW(SS):LLB,UNTH,EXIN034,EXEU034
LAWFRELANG-A:LLB,UNTH,EXIN034,EXEU034
LAW-HIS:BA,UNTH,UNTO,UNTE
LAWLANG(FRE):LLB,UNTH,EXIN034,EXEU034
LAWLANG(GER):LLB,UNTH,EXIN034,EXEU034
LAWLANG(ITAL):LLB,UNTH,EXIN034,EXEU034
LAWLANG(SPN):LLB,UNTH,EXIN034,EXEU034
LAW-MANAGEMT:BA,UNTH,UNTO,UNTE
LAW-MANAGEMT:LLB,UNTH,EXIN034,EXEU034
LAW-PHIL:BA,UNTH,UNTO,UNTE
LAW/QUANT:LLB,UNTH,EXIN034,EXEU034
LAW-SOC:BA,UNTH,UNTO,UNTE
LAW-WEL:BA,UNTH,UNTO,UNTE
LIBARTS-A:BA,UNTH,UNTO,UNTE
LINGUISTICS:MA-T,PNTH,PNTO,PNTE
LINGUISTICS:PHD-R,PNRH,PNRO,PNRE
LOGISTSUPCHMGT:MSC-T,EXUK023-NAP,EXIN008-NAP,EXEUNAP
LOGSCMGT-S:MSC-T,EXUK002,EXIN012,EXEU012
MAN:MA-R,PNRH,EXIN014,EXEU014
MAN:MSC-T,EXUK041,EXIN033-NAP,EXEUNAP
MAN:PHD-R,PNRH,EXIN014,EXEU014
MANAGEMENT-A:BSC,UNTH,UNTO,UNTE
MANAGEMENT:BSC,UNTH,UNTO,UNTE
MANAGEMENT-S:BSC,UNTH,UNTO,UNTE
MANAGEMENTGEN:MSC-T,EXUK023,EXIN008-NAP,EXEUNAP
MANAGEMENTIB:MSC-T,EXUK023-NAP,EXIN008-NAP,EXEUNAP
MANIB(FL):MSC-T,EXUK023-NAP,EXIN008-NAP,EXEUNAP
MANPRIMCARE:BSC,UNTH,UNTO,UNTE
MANSC:MSC-R,PNRH,PNRO,PNRE
MANSC:PHD-R,PNRH,EXIN014,EXEU014
MANSC:MSC-T,EXUK025,,0
MARKETING-A:BSC,UNTH,UNTO,UNTE
MARKETING:BSC,UNTH,UNTO,UNTE
MARKETING:MSC-T,EXUK023,EXIN008-NAP,EXEUNAP
MARKETING:PHD-R,PNRH,EXIN014,EXEU014
MARKETING-S:BSC,UNTH-NAP,UNTO,UNTE
MARKETING-S:MSC-T,EXUK002,EXIN012,EXEU012
MATHAPS:MSC-T,EXUK026,PNTO,PNTE
MATHAPS-I:MSC-T,NAFNAP,PNTO,PNTE
MATHAPS-S:MSC-T,EXUK026,PNTO,PNTE
MATHEMATICS:MPH-R,PNRH,PNRO,PNRE
MATHS:BSC,UNTH,UNTO,UNTE
MATHS:MSC-R,PNRH,PNRO,PNRE
MATHS:PHD-R,PNRH,PNRO,PNRE
MATHS-4:MMATH,UNTH,UNTO,UNTE
MATHS-ACCF:BA,UNTH,UNTO,UNTE
MATHS-F-4:BSC,UNTH,UNTO,UNTE
MATHS-S:BSC,UNTH,UNTO,UNTE
MATHS-S:MMATH,UNTH,UNTO,UNTE
MATHS-STATS:BSC,UNTH,UNTO,UNTE
MATHS-STATS-S:BSC,UNTH,UNTO,UNTE
MATHS-STATS-4:MMTHT,UNTH,UNTO,UNTE
MBANN:MBA-T,EXUK031,EXIN028,EXEU028
MECHENG:BENG,ULTH,ULTO,ULTE
MECHENG-F-4:BENG,ULTH,ULTO,ULTE
MECHENG-S:BENG,ULTH,ULTO,ULTE
MECHENG:MSC-R,PLRH,,0
MECHENG:PHD-R,PLRH,,0
MEDANTH:BSC,ULTH,ULTO,ULTE
MEDHEALTH:MPH-R,PNRH,PNRO,PNRE
MEDHEALTH:PHD-R,PNRH,PNRO,PNRE
MEDHUMS:MA-T,PNTH,PNTO,PNTE
MEDIAARTS:BA,UNTH,UNTO,UNTE
MEDIASTUD:BA,ULTH,ULTO,ULTE
MEDIASTUD-A:BA,ULTH,ULTO,ULTE
MEDICINE:BMBS,ULTH,EXIN001,EXEU001
MEDICINE:MD-R,PNRH,PNRO,PNRE
MEMS:MA-R,PNRH,PNRO,PNRE
MEMS:MA-T,PNTH,PNTO,PNTE
MEMS:MPH-R,PNRH,PNRO,PNRE
MEMS:PHD-R,PNRH,PNRO,PNRE
MEMS(P):MA-T,EXPA001,EXPA002,
MEMS(TP):MA-T,EXUK035-NAP,PNTO-NAP,PNTE-NAP
MENHEA:MA-R,PNRH,PNRO,PNRE
MENHEA:MPH-R,PNRH,PNRO,PNRE
MENHEA:PHD-R,PNRH,PNRO,PNRE
MENHEAPLD:MA-R,PNRH,PNRO,PNRE
MENHEAPLD:PHD-R ,PNRH,PNRO,PNRE
MICROBIO:MPH-R,PLRH,PLRO,PLRE
MICROBIO:MSC-R,PLRH,PLRO,PLRE
MICROBIO:PHD-R,PLRH,PLRO,PLRE
MIGRATSTD:PHD-R,PNRH,PNRO,PNRE
MILHIS:BA,UNTH,UNTO,UNTE
MODEUROLIT:MA-T,PNTH,PNTO,PNTE
MODFRESTD:MA-T,PNTH,PNTO,PNTE
MODFRESTUD(P):MA-T,EXUK022,PNTO,PNTE
MODFRESTUD(TP):MA-T,EXUK035-NAP,PNTO-NAP,PNTE-NAP
MODHIS(PARIS):MA-T,EXUK022,PNTO,PNTE
MODHIS:MA-T,PNTH,PNTO,PNTE
MODHIS(TP):MA-T,EXUK035-NAP,PNTO-NAP,PNTE-NAP
MODHSPNSTD:MA-T,PNTH,PNTO,PNTE
MSOCRES:MA-T,PNTH,PNTO,PNTE
MSOCRES:PCERT-T,EXUK007,EXIN006-NAP,EXEUNAP
MSOCRES:PDIP-T,EXUK013,EXIN013,EXEU013
MSOCRES2:MA-T,EXUK027,EXIN015,EXEU015
MULTI/TECH:BSC,ULTH,ULTO,ULTE
MULTI/TECH-S:BSC,ULTH,ULTO,ULTE
MULTIMEDJOURN:MA-T,EXUK042-NAP,PNTO-NAP,PNTE-NAP
MUSIC:BMUS,UNTH,UNTO,UNTE
MUSIC:PHD-R,PLRH,PLRO,PLRE
MUSICBUSPRO:BA,ULTH,ULTO,ULTE
MUSICCOMPO:MA-T,PNTH,PNTO,PNTE
MUSICCOMPO:PHD-R,PNRH,PNRO,PNRE
MUSIC-EAMLIT:BA,UNTH,UNTO,UNTE
MUSICPERF:MA-T,PNTH,PNTO,PNTE
MUSICPERF:PHD-R,PNRH,PNRO,PNRE
MUSICPERFPRO:BA,ULTH,ULTO,ULTE
MUSICRES:MA-T,PNTH,PNTO,PNTE
MUSICRES:PHD-R,PNRH,PNRO,PNRE
MUSICTECH:BSC,ULTH,ULTO,ULTE
MUSICTECH:MA-T,PNTH,PNTO,PNTE
MUSICTECH:PHD-R,PNRH,PNRO,PNRE
MUSICTECHAPRO:BSC,ULTH,ULTO,ULTE
NARRNONFICT:MPH-R,PNRH,PNRO,PNRE
NARRNONFICT:PHD-R,PNRH,PNRO,PNRE
NETSEC:MSC-T,EXUK022,PLTO,PLTE
NETSEC-I:MSC-T,PLTH,PLTO,PLTE
NETSEC-S:MSC-T,EXUK022,PLTO,PLTE
NETSEC-S-I:MSC-T,PLTH,PLTO,PLTE
OPERAR:PHD-R,PNRH,EXIN014,EXEU014
ORGBUSPSY:MSC-T,EXUK036,EXIN016,EXEU016
ORGBUSPSY:PDIP-T,EXUK037,EXIN029,EXEU029
ORGBUSPSY:PCERT-T,EXUK038,EXIN030,EXEU030
ORGPSY:MSC-T,EXUK036,PLTO,PLTE
ORGPSY:PCERT-T,EXUK038,EXIN030,EXEU030
ORGPSY:PDIP-T,EXUK037,EXIN029,EXEU029
PCON:MA-T,EXUK010,EXIN009,EXEU009
PCONJOINT:MA-T,EXUK010,EXIN009,EXEU009
PERSCENSUPP:CERT,EXUK016,UNTO,UNTE
PHARM:MPH-R,PLRH,PLRO,PLRE
PHARM:PHD-R,PLRH,PLRO,PLRE
PHARM-4:MPHARM,ULTH,ULTO,ULTE
PHARMBIOCBIO:PHD-R,PLRH,PLRO,PLRE
PHARMCHEMDD:PHD-R,PLRH,PLRO,PLRE
PHARMHSRES:PHD-R,PLRH,PLRO,PLRE
PHARMPPHYS:PHD-R,PLRH,PLRO,PLRE
PHIL:BA,UNTH,UNTO,UNTE
PHIL:MA-T,PNTH,PNTO,PNTE
PHIL:PHD-R,PNRH,PNRO,PNRE
PHIL-A:BA,UNTH,UNTO,UNTE
PHIL-ANT:BA,UNTH,UNTO,UNTE
PHIL-ARTHIS:BA,UNTH,UNTO,UNTE
PHIL-BUSADMIN:BA,UNTH,UNTO,UNTE
PHIL-CULTSTUD:BA,UNTH,UNTO,UNTE
PHIL-ELL:BA,UNTH,UNTO,UNTE
PHIL-HISP-A:BA,UNTH,UNTO,UNTE
PHIL-MANAGEMENT:BA,UNTH,UNTO,UNTE
PHIL-POLITICS:BA,UNTH,UNTO,UNTE
PHIL-RS:BA,UNTH,UNTO,UNTE
PHIL-SOC:BA,UNTH,UNTO,UNTE
PHIL-SPN-A:BA,UNTH-NAP,UNTO-NAP,UNTE-NAP
PHILANSTDL:MA-T,EXUK001-NAF,EXUK001-NAF,
PHILANSTDL:PCRT-T,EXUK034-NAP,EXUK034-NAP,
PHILANSTDL:PDIP-T,EXUK033-NAF,EXUK033-NAF,
PHYS/ASTRO:BSC,ULTH,ULTO,ULTE
PHYS/ASTRO-4:MPHYS,ULTH,ULTO,ULTE
PHYS/ASTRO-S:BSC,ULTH,ULTO,ULTE
PHYS/ASTROUS-A:MPHYS,ULTH,ULTO,ULTE
PHYS:BSC,ULTH,ULTO,ULTE
PHYS:MPH-R,PLRH,PLRO,PLRE
PHYS:MSC-R,PLRH,PLRO,PLRE
PHYS:PHD-R,PLRH,PLRO,PLRE
PHYS-4:MPHYS,ULTH,ULTO,ULTE
PHYS/ASTRO-A:MPHYS,ULTH,ULTO,ULTE
PHYS-A:MPHYS,ULTH,ULTO,ULTE
PHYS-EURO:MSC-T,EXUK010,EXIN010,EXEU010
PHYS-F-4:BSC,ULTH,ULTO,ULTE
PHYS-S:BSC,ULTH,ULTO,ULTE
PHYSACTING:MA-T,PNTH,PNTO,PNTE
PSYFOPSY:BSC,UNTH,ULTO,ULTE
POETRYPRAC:PHD-R,PNRH,PNRO,PNRE
POETRYPRAC:MA-R,PNRH,PNRO,PNRE
POL-ELL:BA,UNTH,UNTO,UNTE
POLARTRES:MA-T,PNTH,PNTO,PNTE
POLARTRES:PDIP-T,EXUK010,EXIN009,EXEU009
POLIR:BA,UNTH,UNTO,UNTE
POLIR:GDIP-T,UNTH,UNTO-NAP,UNTE-NAP
POLIR-BIDIP:BA,UNTH,UNTO,UNTE
POLIR/QUANT:BA,UNTH,UNTO,UNTE
POLIRASIA-A:BA,UNTH-NAP,UNTO-NAP,UNTE-NAP
POLIRCHINAHK-A:BA,UNTH-NAP,UNTO-NAP,UNTE-NAP
POLIRCONTEUR-A:BA,UNTH-NAP,UNTO-NAP,UNTE-NAP
POLIRLANG-A:BA,UNTH-NAP,UNTO-NAP,UNTE-NAP
POLIRNA-A:BA,UNTH-NAP,UNTO-NAP,UNTE-NAP
POLITICS:BA,UNTH,UNTO,UNTE
POLITICS-LAW:BA,UNTH,UNTO,UNTE
POLPSY:MSC-T,PNTH,EXIN011,EXEU011
POLPSY:PCERT-T,EXUK006,EXIN004,EXEU004
POLPSY:PDIP-T,EXUK010,EXIN009,EXEU009
POLSOC:MA-T,PNTH,PNTO,PNTE
POLSOCTHO:MA-R,PNRH,PNRO,PNRE
POLSOCTHO:PHD-R,,PNRO,PNRE
POLSTRATCOMM:MA-T,EXBR001,EXBR001,
POLSTRATCOMM2:MA-T,EXBR002,EXBR002,
POLTHEORES:MA-T,PNTH,PNTO,PNTE
POLTHEORES:PDIP-T,EXUK010,EXIN009,EXEU009
POPMUSIC:BMUS,UNTH,UNTO,UNTE
POPMUSICPERF:MA-T,PNTH,PNTO,PNTE
POPMUSICPROD:MA-T,PNTH,PNTO,PNTE
POPMUSICRES:MA-T,PNTH,PNTO,PNTE
POSBEHSUPP:BSC,UNTH,UNTO,UNTE
POSBEHSUPP:DIP,EXUK016,UNTO,UNTE
POSBEHSUPP:DIPHE,EXUK016,EXIN013,EXEU013
POSBEHSUPP:MSC-T,PNTH,PNTO-NAP,PNTE-NAP
POSBEHSUPP:PDIP-T,EXUK010,EXIN009-NAP,EXEUNAP
POSTCOL(PARIS):MA-T,EXUK022,PNTO,PNTE
POSTCOL(TP):MA-T,EXUK035-NAP,PNTO-NAP,PNTE-NAP
POSTCOL:MA-R,PNRH,PNRO,PNRE
POSTCOL:MA-T,PNTH,PNTO,PNTE
POSTCOL:PHD-R,PNRH,PNRO,PNRE
PROFPRAC:BSC,UNTH-NAF,NAFNAP,NAFNAP
PROFPRAC(GEN):MA-T,EXUK003,NAFNAP,NAFNAP
PROFPRAC(GEN):MSC-T,EXUK003,NAFNAP,NAFNAP
PROFPRAC(GEN):PCRT-T,EXUK003,NAFNAP,NAFNAP
PROFPRAC(GEN):PDIP-T,EXUK003,NAFNAP,NAFNAP
PROFPRAC(RLE):MSC-T,EXUK003,NAFNAP,NAFNAP
PROFPRAC(RLE):MA-T,EXUK003,NAFNAP,NAFNAP
PROFPRAC(TAL):MSC-T,EXUK003,NAFNAP,NAFNAP
PROFPRAC(TON):PCRT,EXUK003,NAFNAP,NAFNAP
PROJECTMNGMT:MSC-T,EXUK023,EXIN008,EXEU008
PSS:MPH-R,PNRH,PNRO,PNRE
PSS:PHD-R,PNRH,PNRO,PNRE
PSY(SCI):MSC-R,PNRH,PNRO,PNRE
PSY(SCI):PHD-R,PNRH,PNRO,PNRE
PSY:BSC,ULTH,ULTO,ULTE
PSY4:PHD-R,PNRH,PNRO,PNRE
PSY-A:BSC,ULTH,ULTO,ULTE
PSY-S:BSC,ULTH,ULTO,ULTE
PSY-ANT:BSC,ULTH,ULTO,ULTE
PSYCH:GDIP-T,UNTH,PNTO,PNTE
PSYCLN:BSC,ULTH,ULTO,ULTE
PSYCLN-S:BSC,ULTH,ULTO,ULTE
PSY-LAW-4:BSC,UNTH,UNTO,UNTE
QUANFINECMET:MSC-T,EXUK022,EXIN034,EXEU034
REASONING:MA-T,PNTH,PNTO,PNTE
RELIGION(PARIS):MA-T,EXUK022,PNTO,PNTE
RELIGION:MA-T,PNTH,PNTO,PNTE
RELIGION:PCRT-T,EXUK006,EXIN004,EXEU004
RELIGION(TP):MA-T,EXUK035-NAP,PNTO-NAP,PNTE-NAP
REPROMED:MSC-T,PNTH,PLTO,PLTE
RMPSY:MSC-T,PNTH,EXIN011,EXEU011
RMPSY:PCERT-T,EXUK006,EXIN004,EXEU004
RMPSY:PDIP-T,EXUK010,EXIN009,EXEU009
ROMAN(ROME):MA-T,EXUK035-NAP,PNTO-NAP,PNTE-NAP
ROMAN:MA-T,PNTH,PNTO,PNTE
RS:BA,UNTH,UNTO,UNTE
SCICOMM:MA-T,PNTH,PNTO,PNTE
SCICOMM:MSC-T,PNTH,PNTO,PNTE
SHAKESPEARE:MA-T,PNTH,PNTO,PNTE
SLEDMPHCRE:MSC-T,EXUK032-NAF,EXUK032-NAF,
SLEDMPHCRE:PDIP-T,EXUK032-NAF,EXUK032-NAF,
SLS:LLM-R,PNRH,PNRO,PNRE
SLS:MPH-R,PNRH,PNRO,PNRE
SLS:PHD-R,PNRH,PNRO,PNRE
SOC:BA,UNTH,UNTO,UNTE
SOC:MA-R,PNRH,PNRO,PNRE
SOC:MA-T,PNTH,PNTO,PNTE
SOC:MPH-R,PNRH,PNRO,PNRE
SOC:PHD-R,PNRH,PNRO,PNRE
SOC2:MA-T,EXUK027,EXIN015,EXEU015
SOC-ANT:BA,UNTH,UNTO,UNTE
SOC-ANTFIN-A:BA,UNTH,UNTO,UNTE
SOC/QUANT:BA,UNTH,UNTO,UNTE
SOCAPSY:MSC-T,PNTH,EXIN011,EXEU011
SOC-ECON:BA,UNTH,UNTO,UNTE
SOCAPSY:PDIP-T,EXUK010,EXIN009,EXEU009
SOCFIN-A:BA,UNTH,UNTO,UNTE
SOCHK-A:BA,UNTH,UNTO,UNTE
SOCIALWORK:MA-T,EXUK016-NAP,EXIN002,EXEU002
SOCITAL-A:BA,UNTH,UNTO,UNTE
SOCNTH-A:BA,UNTH,UNTO,UNTE
SOCPOL:BA,UNTH,UNTO,UNTE
SOCPOL:MA-R,PNRH,PNRO,PNRE
SOCPOL:MPH-R,PNRH,PNRO,PNRE
SOCPOL:PHD-R,PNRH,PNRO,PNRE
SOCPOL/QUANT:BA,UNTH,UNTO,UNTE
SOC-POLITICS:BA,UNTH,UNTO,UNTE
SOCPOL-POLITICS:BA,UNTH,UNTO,UNTE
SOCPSY:BSC,ULTH,ULTO,ULTE
SOCPSY:MSC-T,PNTH,EXIN011,EXEU011
SOCSCI:BSC,UNTH,UNTO,UNTE
SOC-SOCPOL:BA,UNTH,UNTO,UNTE
SOCSPN-A:BA,UNTH,UNTO,UNTE
SOCWK:BA,UNTH,UNTO,UNTE
SOCWK:MPH-R,PNRH,PNRO,PNRE
SOCWK:PHD-R,PNRH,PNRO,PNRE
SOFTWAREENG:BSC,ULTH,ULTO,ULTE
SOFTWAREENG-S:BSC,ULTH,ULTO,ULTE
SPN-BUSADMIN-A:BA,UNTH-NAP,UNTO,UNTE
SPN-CLS:MA-T,PNTH,PNTO,PNTE
SPN-ELL-A:BA,UNTH-NAP,UNTO-NAP,UNTE-NAP
SPN-RS-A:BA,UNTH-NAP,UNTO-NAP,UNTE-NAP
SPOEXHEASCI:SPORTD-R,PLTH,PLTO,PLTE
SPORTEXHEALTH:BSC,ULTH,ULTO,ULTE
SPORTEXHEALTH-S:BSC,ULTH,ULTO,ULTE
SPORTEXHEASCI:PD-R,PLTH,PLTO,PLTE
SPORTEXMAN:BA,UNTH,UNTO,UNTE
SPORTEXSCI:BSC,ULTH,ULTO,ULTE
SPORTEXSCI-S:BSC,ULTH,ULTO,ULTE
SPORTEXSCI:MSC-R,PLRH,PLRO,PLRE
SPORTEXSCI:MSC-T,PLTH,PLTO,PLTE
SPORTEXSCI:MPH-R,PLRH,PLRO,PLRE
SPORTEXSCI:PHD-R,PLRH,PLRO,PLRE
SPORTMAN:BA,UNTH,UNTO,UNTE
SPORTMAN-S:BA,UNTH,UNTO,UNTE
SPORTMAN:MSPRT,UNTH,UNTO,UNTE
SPORTSCIOPPER:MSC-T,PLTH,PLTO,PLTE
SPORTSTHERAPY:BSC,UNTH,UNTO,UNTE
SPORTSTHERREHAB:BSC,ULTH,ULTO,ULTE
SPSY:MSC-R,PNRH,PNRO,PNRE
SPSY:PHD-R,PNRH,PNRO,PNRE
STATDATASCI:MSC-T,PNTH,PNTO,PNTE
STATDATASCI-I:MSC-T,NAFNAP,PNTO,PNTE
STATDATASCI-S:MSC-T,PNTH,PNTO,PNTE
STATDATSCI-S-I:MSC-T,NAFNAP,PNTO,PNTE
STATS:MPH-R,PNRH,PNRO,PNRE
STATS:MSC-R,PNRH,PNRO,PNRE
STATS:MSC-T,PNTH,PNTO,PNTE
STATS-S:MSC-T,PNTH,PNTO,PNTE
STATS:PHD-R,PNRH,PNRO,PNRE
STATS-FIN:MSC-T,PNTH,PNTO,PNTE
STATS-FIN-S:MSC-T,PNTH,PNTO,PNTE
STATS-FIN-I:MSC-T,NAFNAP,PNTO,PNTE
STATS-I:MSC-T,NAFNAP,PNTO,PNTE
STSOCRES(SOCP):BSC,UNTH,UNTO,UNTE
TEEME:PHD-R,0,0,0
SECTERROR(2 YR):MA-T,EXUK010,EXIN009,EXEU009
SECTERROR:MA-T,PNTH,PNTO,PNTE
SECTERROR:PDIP-T,EXUK010,EXIN009,EXEU009
TEXTPRAC:PHD-R,PNRH,PNRO,PNRE
THEATDIRECT:MA-T,PNTH,PNTO,PNTE
THEATMAKING:MA-T,PNTH,PNTO,PNTE
THRS:PHD-R,PNRH,PNRO,PNRE
TVDIGITALVIDPRO-BA,UNTH,UNTO,UNTE
URBPLANRES:MA-T,PNTH,PNTO,PNTE
URBST:MA-R,PNRH,PNRO,PNRE
URBST:MPH-R,PNRH,PNRO,PNRE
URBST:PHD-R,PNRH,PNRO,PNRE
WARCON:BA,UNTH,UNTO,UNTE
WARMEDIASOC:MA-T,PNTH,PNTO,PNTE
WILDCON:BSC,ULTH,ULTO,ULTE
WILDCON-S:BSC,ULTH,ULTO,ULTE
WORLDLIT:BA,NAFNAP,NAFNAP,NAFNAP